Person ID,Gender,Age,Occupation,Sleep Duration,Quality of Sleep,Physical Activity Level,Stress Level,BMI Category,Blood Pressure,Heart Rate,Daily Steps,Sleep Disorder,bp_systolic,bp_diastolic,age_group,quality_group
1,Male,27,Software Engineer,6.1,6,42,6,Overweight,126/83,77,4200,None,126,83,Young,Medium
2,Male,28,Doctor,6.2,6,60,8,Normal,125/80,75,10000,None,125,80,Young,Medium
3,Male,28,Doctor,6.2,6,60,8,Normal,125/80,75,10000,None,125,80,Young,Medium
4,Male,28,Sales Representative,5.9,4,30,8,Obese,140/90,85,3000,Sleep Apnea,140,90,Young,Low
5,Male,28,Sales Representative,5.9,4,30,8,Obese,140/90,85,3000,Sleep Apnea,140,90,Young,Low
6,Male,28,Software Engineer,5.9,4,30,8,Obese,140/90,85,3000,Insomnia,140,90,Young,Low
7,Male,29,Teacher,6.3,6,40,7,Obese,140/90,82,3500,Insomnia,140,90,Young,Medium
8,Male,29,Doctor,7.8,7,75,6,Normal,120/80,70,8000,None,120,80,Young,High
9,Male,29,Doctor,7.8,7,75,6,Normal,120/80,70,8000,None,120,80,Young,High
10,Male,29,Doctor,7.8,7,75,6,Normal,120/80,70,8000,None,120,80,Young,High
11,Male,29,Doctor,6.1,6,30,8,Normal,120/80,70,8000,None,120,80,Young,Medium
12,Male,29,Doctor,7.8,7,75,6,Normal,120/80,70,8000,None,120,80,Young,High
13,Male,29,Doctor,6.1,6,30,8,Normal,120/80,70,8000,None,120,80,Young,Medium
14,Male,29,Doctor,6.0,6,30,8,Normal,120/80,70,8000,None,120,80,Young,Medium
15,Male,29,Doctor,6.0,6,30,8,Normal,120/80,70,8000,None,120,80,Young,Medium
16,Male,29,Doctor,6.0,6,30,8,Normal,120/80,70,8000,None,120,80,Young,Medium
17,Female,29,Nurse,6.5,5,40,7,Normal,132/87,80,4000,Sleep Apnea,132,87,Young,Medium
18,Male,29,Doctor,6.0,6,30,8,Normal,120/80,70,8000,Sleep Apnea,120,80,Young,Medium
19,Female,29,Nurse,6.5,5,40,7,Normal,132/87,80,4000,Insomnia,132,87,Young,Medium
20,Male,30,Doctor,7.6,7,75,6,Normal,120/80,70,8000,None,120,80,Young,High
21,Male,30,Doctor,7.7,7,75,6,Normal,120/80,70,8000,None,120,80,Young,High
22,Male,30,Doctor,7.7,7,75,6,Normal,120/80,70,8000,None,120,80,Young,High
23,Male,30,Doctor,7.7,7,75,6,Normal,120/80,70,8000,None,120,80,Young,High
24,Male,30,Doctor,7.7,7,75,6,Normal,120/80,70,8000,None,120,80,Young,High
25,Male,30,Doctor,7.8,7,75,6,Normal,120/80,70,8000,None,120,80,Young,High
26,Male,30,Doctor,7.9,7,75,6,Normal,120/80,70,8000,None,120,80,Young,High
27,Male,30,Doctor,7.8,7,75,6,Normal,120/80,70,8000,None,120,80,Young,High
28,Male,30,Doctor,7.9,7,75,6,Normal,120/80,70,8000,None,120,80,Young,High
29,Male,30,Doctor,7.9,7,75,6,Normal,120/80,70,8000,None,120,80,Young,High
30,Male,30,Doctor,7.9,7,75,6,Normal,120/80,70,8000,None,120,80,Young,High
31,Female,30,Nurse,6.4,5,35,7,Normal,130/86,78,4100,Sleep Apnea,130,86,Young,Medium
32,Female,30,Nurse,6.4,5,35,7,Normal,130/86,78,4100,Insomnia,130,86,Young,Medium
33,Female,31,Nurse,7.9,8,75,4,Normal,117/76,69,6800,None,117,76,Young,High
34,Male,31,Doctor,6.1,6,30,8,Normal,125/80,72,5000,None,125,80,Young,Medium
35,Male,31,Doctor,7.7,7,75,6,Normal,120/80,70,8000,None,120,80,Young,High
36,Male,31,Doctor,6.1,6,30,8,Normal,125/80,72,5000,None,125,80,Young,Medium
37,Male,31,Doctor,6.1,6,30,8,Normal,125/80,72,5000,None,125,80,Young,Medium
38,Male,31,Doctor,7.6,7,75,6,Normal,120/80,70,8000,None,120,80,Young,High
39,Male,31,Doctor,7.6,7,75,6,Normal,120/80,70,8000,None,120,80,Young,High
40,Male,31,Doctor,7.6,7,75,6,Normal,120/80,70,8000,None,120,80,Young,High
41,Male,31,Doctor,7.7,7,75,6,Normal,120/80,70,8000,None,120,80,Young,High
42,Male,31,Doctor,7.7,7,75,6,Normal,120/80,70,8000,None,120,80,Young,High
43,Male,31,Doctor,7.7,7,75,6,Normal,120/80,70,8000,None,120,80,Young,High
44,Male,31,Doctor,7.8,7,75,6,Normal,120/80,70,8000,None,120,80,Young,High
45,Male,31,Doctor,7.7,7,75,6,Normal,120/80,70,8000,None,120,80,Young,High
46,Male,31,Doctor,7.8,7,75,6,Normal,120/80,70,8000,None,120,80,Young,High
47,Male,31,Doctor,7.7,7,75,6,Normal,120/80,70,8000,None,120,80,Young,High
48,Male,31,Doctor,7.8,7,75,6,Normal,120/80,70,8000,None,120,80,Young,High
49,Male,31,Doctor,7.7,7,75,6,Normal,120/80,70,8000,None,120,80,Young,High
50,Male,31,Doctor,7.7,7,75,6,Normal,120/80,70,8000,Sleep Apnea,120,80,Young,High
51,Male,32,Engineer,7.5,8,45,3,Normal,120/80,70,8000,None,120,80,Young,High
52,Male,32,Engineer,7.5,8,45,3,Normal,120/80,70,8000,None,120,80,Young,High
53,Male,32,Doctor,6.0,6,30,8,Normal,125/80,72,5000,None,125,80,Young,Medium
54,Male,32,Doctor,7.6,7,75,6,Normal,120/80,70,8000,None,120,80,Young,High
55,Male,32,Doctor,6.0,6,30,8,Normal,125/80,72,5000,None,125,80,Young,Medium
56,Male,32,Doctor,6.0,6,30,8,Normal,125/80,72,5000,None,125,80,Young,Medium
57,Male,32,Doctor,7.7,7,75,6,Normal,120/80,70,8000,None,120,80,Young,High
58,Male,32,Doctor,6.0,6,30,8,Normal,125/80,72,5000,None,125,80,Young,Medium
59,Male,32,Doctor,6.0,6,30,8,Normal,125/80,72,5000,None,125,80,Young,Medium
60,Male,32,Doctor,7.7,7,75,6,Normal,120/80,70,8000,None,120,80,Young,High
61,Male,32,Doctor,6.0,6,30,8,Normal,125/80,72,5000,None,125,80,Young,Medium
62,Male,32,Doctor,6.0,6,30,8,Normal,125/80,72,5000,None,125,80,Young,Medium
63,Male,32,Doctor,6.2,6,30,8,Normal,125/80,72,5000,None,125,80,Young,Medium
64,Male,32,Doctor,6.2,6,30,8,Normal,125/80,72,5000,None,125,80,Young,Medium
65,Male,32,Doctor,6.2,6,30,8,Normal,125/80,72,5000,None,125,80,Young,Medium
66,Male,32,Doctor,6.2,6,30,8,Normal,125/80,72,5000,None,125,80,Young,Medium
67,Male,32,Accountant,7.2,8,50,6,Normal,118/76,68,7000,None,118,76,Young,High
68,Male,33,Doctor,6.0,6,30,8,Normal,125/80,72,5000,Insomnia,125,80,Young,Medium
69,Female,33,Scientist,6.2,6,50,6,Overweight,128/85,76,5500,None,128,85,Young,Medium
70,Female,33,Scientist,6.2,6,50,6,Overweight,128/85,76,5500,None,128,85,Young,Medium
71,Male,33,Doctor,6.1,6,30,8,Normal,125/80,72,5000,None,125,80,Young,Medium
72,Male,33,Doctor,6.1,6,30,8,Normal,125/80,72,5000,None,125,80,Young,Medium
73,Male,33,Doctor,6.1,6,30,8,Normal,125/80,72,5000,None,125,80,Young,Medium
74,Male,33,Doctor,6.1,6,30,8,Normal,125/80,72,5000,None,125,80,Young,Medium
75,Male,33,Doctor,6.0,6,30,8,Normal,125/80,72,5000,None,125,80,Young,Medium
76,Male,33,Doctor,6.0,6,30,8,Normal,125/80,72,5000,None,125,80,Young,Medium
77,Male,33,Doctor,6.0,6,30,8,Normal,125/80,72,5000,None,125,80,Young,Medium
78,Male,33,Doctor,6.0,6,30,8,Normal,125/80,72,5000,None,125,80,Young,Medium
79,Male,33,Doctor,6.0,6,30,8,Normal,125/80,72,5000,None,125,80,Young,Medium
80,Male,33,Doctor,6.0,6,30,8,Normal,125/80,72,5000,None,125,80,Young,Medium
81,Female,34,Scientist,5.8,4,32,8,Overweight,131/86,81,5200,Sleep Apnea,131,86,Young,Low
82,Female,34,Scientist,5.8,4,32,8,Overweight,131/86,81,5200,Sleep Apnea,131,86,Young,Low
83,Male,35,Teacher,6.7,7,40,5,Overweight,128/84,70,5600,None,128,84,Middle,High
84,Male,35,Teacher,6.7,7,40,5,Overweight,128/84,70,5600,None,128,84,Middle,High
85,Male,35,Software Engineer,7.5,8,60,5,Normal,120/80,70,8000,None,120,80,Middle,High
86,Female,35,Accountant,7.2,8,60,4,Normal,115/75,68,7000,None,115,75,Middle,High
87,Male,35,Engineer,7.2,8,60,4,Normal,125/80,65,5000,None,125,80,Middle,High
88,Male,35,Engineer,7.2,8,60,4,Normal,125/80,65,5000,None,125,80,Middle,High
89,Male,35,Engineer,7.3,8,60,4,Normal,125/80,65,5000,None,125,80,Middle,High
90,Male,35,Engineer,7.3,8,60,4,Normal,125/80,65,5000,None,125,80,Middle,High
91,Male,35,Engineer,7.3,8,60,4,Normal,125/80,65,5000,None,125,80,Middle,High
92,Male,35,Engineer,7.3,8,60,4,Normal,125/80,65,5000,None,125,80,Middle,High
93,Male,35,Software Engineer,7.5,8,60,5,Normal,120/80,70,8000,None,120,80,Middle,High
94,Male,35,Lawyer,7.4,7,60,5,Obese,135/88,84,3300,Sleep Apnea,135,88,Middle,High
95,Female,36,Accountant,7.2,8,60,4,Normal,115/75,68,7000,Insomnia,115,75,Middle,High
96,Female,36,Accountant,7.1,8,60,4,Normal,115/75,68,7000,None,115,75,Middle,High
97,Female,36,Accountant,7.2,8,60,4,Normal,115/75,68,7000,None,115,75,Middle,High
98,Female,36,Accountant,7.1,8,60,4,Normal,115/75,68,7000,None,115,75,Middle,High
99,Female,36,Teacher,7.1,8,60,4,Normal,115/75,68,7000,None,115,75,Middle,High
100,Female,36,Teacher,7.1,8,60,4,Normal,115/75,68,7000,None,115,75,Middle,High
101,Female,36,Teacher,7.2,8,60,4,Normal,115/75,68,7000,None,115,75,Middle,High
102,Female,36,Teacher,7.2,8,60,4,Normal,115/75,68,7000,None,115,75,Middle,High
103,Female,36,Teacher,7.2,8,60,4,Normal,115/75,68,7000,None,115,75,Middle,High
104,Male,36,Teacher,6.6,5,35,7,Overweight,129/84,74,4800,Sleep Apnea,129,84,Middle,Medium
105,Female,36,Teacher,7.2,8,60,4,Normal,115/75,68,7000,Sleep Apnea,115,75,Middle,High
106,Male,36,Teacher,6.6,5,35,7,Overweight,129/84,74,4800,Insomnia,129,84,Middle,Medium
107,Female,37,Nurse,6.1,6,42,6,Overweight,126/83,77,4200,None,126,83,Middle,Medium
108,Male,37,Engineer,7.8,8,70,4,Normal,120/80,68,7000,None,120,80,Middle,High
109,Male,37,Engineer,7.8,8,70,4,Normal,120/80,68,7000,None,120,80,Middle,High
110,Male,37,Lawyer,7.4,8,60,5,Normal,130/85,68,8000,None,130,85,Middle,High
111,Female,37,Accountant,7.2,8,60,4,Normal,115/75,68,7000,None,115,75,Middle,High
112,Male,37,Lawyer,7.4,8,60,5,Normal,130/85,68,8000,None,130,85,Middle,High
113,Female,37,Accountant,7.2,8,60,4,Normal,115/75,68,7000,None,115,75,Middle,High
114,Male,37,Lawyer,7.4,8,60,5,Normal,130/85,68,8000,None,130,85,Middle,High
115,Female,37,Accountant,7.2,8,60,4,Normal,115/75,68,7000,None,115,75,Middle,High
116,Female,37,Accountant,7.2,8,60,4,Normal,115/75,68,7000,None,115,75,Middle,High
117,Female,37,Accountant,7.2,8,60,4,Normal,115/75,68,7000,None,115,75,Middle,High
118,Female,37,Accountant,7.2,8,60,4,Normal,115/75,68,7000,None,115,75,Middle,High
119,Female,37,Accountant,7.2,8,60,4,Normal,115/75,68,7000,None,115,75,Middle,High
120,Female,37,Accountant,7.2,8,60,4,Normal,115/75,68,7000,None,115,75,Middle,High
121,Female,37,Accountant,7.2,8,60,4,Normal,115/75,68,7000,None,115,75,Middle,High
122,Female,37,Accountant,7.2,8,60,4,Normal,115/75,68,7000,None,115,75,Middle,High
123,Female,37,Accountant,7.2,8,60,4,Normal,115/75,68,7000,None,115,75,Middle,High
124,Female,37,Accountant,7.2,8,60,4,Normal,115/75,68,7000,None,115,75,Middle,High
125,Female,37,Accountant,7.2,8,60,4,Normal,115/75,68,7000,None,115,75,Middle,High
126,Female,37,Nurse,7.5,8,60,4,Normal,120/80,70,8000,None,120,80,Middle,High
127,Male,38,Lawyer,7.3,8,60,5,Normal,130/85,68,8000,None,130,85,Middle,High
128,Female,38,Accountant,7.1,8,60,4,Normal,115/75,68,7000,None,115,75,Middle,High
129,Male,38,Lawyer,7.3,8,60,5,Normal,130/85,68,8000,None,130,85,Middle,High
130,Male,38,Lawyer,7.3,8,60,5,Normal,130/85,68,8000,None,130,85,Middle,High
131,Female,38,Accountant,7.1,8,60,4,Normal,115/75,68,7000,None,115,75,Middle,High
132,Male,38,Lawyer,7.3,8,60,5,Normal,130/85,68,8000,None,130,85,Middle,High
133,Male,38,Lawyer,7.3,8,60,5,Normal,130/85,68,8000,None,130,85,Middle,High
134,Female,38,Accountant,7.1,8,60,4,Normal,115/75,68,7000,None,115,75,Middle,High
135,Male,38,Lawyer,7.3,8,60,5,Normal,130/85,68,8000,None,130,85,Middle,High
136,Male,38,Lawyer,7.3,8,60,5,Normal,130/85,68,8000,None,130,85,Middle,High
137,Female,38,Accountant,7.1,8,60,4,Normal,115/75,68,7000,None,115,75,Middle,High
138,Male,38,Lawyer,7.1,8,60,5,Normal,130/85,68,8000,None,130,85,Middle,High
139,Female,38,Accountant,7.1,8,60,4,Normal,115/75,68,7000,None,115,75,Middle,High
140,Male,38,Lawyer,7.1,8,60,5,Normal,130/85,68,8000,None,130,85,Middle,High
141,Female,38,Accountant,7.1,8,60,4,Normal,115/75,68,7000,None,115,75,Middle,High
142,Male,38,Lawyer,7.1,8,60,5,Normal,130/85,68,8000,None,130,85,Middle,High
143,Female,38,Accountant,7.1,8,60,4,Normal,115/75,68,7000,None,115,75,Middle,High
144,Female,38,Accountant,7.1,8,60,4,Normal,115/75,68,7000,None,115,75,Middle,High
145,Male,38,Lawyer,7.1,8,60,5,Normal,130/85,68,8000,Sleep Apnea,130,85,Middle,High
146,Female,38,Lawyer,7.4,7,60,5,Obese,135/88,84,3300,Sleep Apnea,135,88,Middle,High
147,Male,39,Lawyer,7.2,8,60,5,Normal,130/85,68,8000,Insomnia,130,85,Middle,High
148,Male,39,Engineer,6.5,5,40,7,Overweight,132/87,80,4000,Insomnia,132,87,Middle,Medium
149,Female,39,Lawyer,6.9,7,50,6,Normal,128/85,75,5500,None,128,85,Middle,High
150,Female,39,Accountant,8.0,9,80,3,Normal,115/78,67,7500,None,115,78,Middle,High
151,Female,39,Accountant,8.0,9,80,3,Normal,115/78,67,7500,None,115,78,Middle,High
152,Male,39,Lawyer,7.2,8,60,5,Normal,130/85,68,8000,None,130,85,Middle,High
153,Male,39,Lawyer,7.2,8,60,5,Normal,130/85,68,8000,None,130,85,Middle,High
154,Male,39,Lawyer,7.2,8,60,5,Normal,130/85,68,8000,None,130,85,Middle,High
155,Male,39,Lawyer,7.2,8,60,5,Normal,130/85,68,8000,None,130,85,Middle,High
156,Male,39,Lawyer,7.2,8,60,5,Normal,130/85,68,8000,None,130,85,Middle,High
157,Male,39,Lawyer,7.2,8,60,5,Normal,130/85,68,8000,None,130,85,Middle,High
158,Male,39,Lawyer,7.2,8,60,5,Normal,130/85,68,8000,None,130,85,Middle,High
159,Male,39,Lawyer,7.2,8,60,5,Normal,130/85,68,8000,None,130,85,Middle,High
160,Male,39,Lawyer,7.2,8,60,5,Normal,130/85,68,8000,None,130,85,Middle,High
161,Male,39,Lawyer,7.2,8,60,5,Normal,130/85,68,8000,None,130,85,Middle,High
162,Female,40,Accountant,7.2,8,55,6,Normal,119/77,73,7300,None,119,77,Middle,High
163,Female,40,Accountant,7.2,8,55,6,Normal,119/77,73,7300,None,119,77,Middle,High
164,Male,40,Lawyer,7.9,8,90,5,Normal,130/85,68,8000,None,130,85,Middle,High
165,Male,40,Lawyer,7.9,8,90,5,Normal,130/85,68,8000,None,130,85,Middle,High
166,Male,41,Lawyer,7.6,8,90,5,Normal,130/85,70,8000,Insomnia,130,85,Middle,High
167,Male,41,Engineer,7.3,8,70,6,Normal,121/79,72,6200,None,121,79,Middle,High
168,Male,41,Lawyer,7.1,7,55,6,Overweight,125/82,72,6000,None,125,82,Middle,High
169,Male,41,Lawyer,7.1,7,55,6,Overweight,125/82,72,6000,None,125,82,Middle,High
170,Male,41,Lawyer,7.7,8,90,5,Normal,130/85,70,8000,None,130,85,Middle,High
171,Male,41,Lawyer,7.7,8,90,5,Normal,130/85,70,8000,None,130,85,Middle,High
172,Male,41,Lawyer,7.7,8,90,5,Normal,130/85,70,8000,None,130,85,Middle,High
173,Male,41,Lawyer,7.7,8,90,5,Normal,130/85,70,8000,None,130,85,Middle,High
174,Male,41,Lawyer,7.7,8,90,5,Normal,130/85,70,8000,None,130,85,Middle,High
175,Male,41,Lawyer,7.6,8,90,5,Normal,130/85,70,8000,None,130,85,Middle,High
176,Male,41,Lawyer,7.6,8,90,5,Normal,130/85,70,8000,None,130,85,Middle,High
177,Male,41,Lawyer,7.6,8,90,5,Normal,130/85,70,8000,None,130,85,Middle,High
178,Male,42,Salesperson,6.5,6,45,7,Overweight,130/85,72,6000,Insomnia,130,85,Middle,Medium
179,Male,42,Lawyer,7.8,8,90,5,Normal,130/85,70,8000,None,130,85,Middle,High
180,Male,42,Lawyer,7.8,8,90,5,Normal,130/85,70,8000,None,130,85,Middle,High
181,Male,42,Lawyer,7.8,8,90,5,Normal,130/85,70,8000,None,130,85,Middle,High
182,Male,42,Lawyer,7.8,8,90,5,Normal,130/85,70,8000,None,130,85,Middle,High
183,Male,42,Lawyer,7.8,8,90,5,Normal,130/85,70,8000,None,130,85,Middle,High
184,Male,42,Lawyer,7.8,8,90,5,Normal,130/85,70,8000,None,130,85,Middle,High
185,Female,42,Teacher,6.8,6,45,7,Overweight,130/85,78,5000,Sleep Apnea,130,85,Middle,Medium
186,Female,42,Teacher,6.8,6,45,7,Overweight,130/85,78,5000,Sleep Apnea,130,85,Middle,Medium
187,Female,43,Teacher,6.7,7,45,4,Overweight,135/90,65,6000,Insomnia,135,90,Middle,High
188,Male,43,Salesperson,6.3,6,45,7,Overweight,130/85,72,6000,Insomnia,130,85,Middle,Medium
189,Female,43,Teacher,6.7,7,45,4,Overweight,135/90,65,6000,Insomnia,135,90,Middle,High
190,Male,43,Salesperson,6.5,6,45,7,Overweight,130/85,72,6000,Insomnia,130,85,Middle,Medium
191,Female,43,Teacher,6.7,7,45,4,Overweight,135/90,65,6000,Insomnia,135,90,Middle,High
192,Male,43,Salesperson,6.4,6,45,7,Overweight,130/85,72,6000,Insomnia,130,85,Middle,Medium
193,Male,43,Salesperson,6.5,6,45,7,Overweight,130/85,72,6000,Insomnia,130,85,Middle,Medium
194,Male,43,Salesperson,6.5,6,45,7,Overweight,130/85,72,6000,Insomnia,130,85,Middle,Medium
195,Male,43,Salesperson,6.5,6,45,7,Overweight,130/85,72,6000,Insomnia,130,85,Middle,Medium
196,Male,43,Salesperson,6.5,6,45,7,Overweight,130/85,72,6000,Insomnia,130,85,Middle,Medium
197,Male,43,Salesperson,6.5,6,45,7,Overweight,130/85,72,6000,Insomnia,130,85,Middle,Medium
198,Male,43,Salesperson,6.5,6,45,7,Overweight,130/85,72,6000,Insomnia,130,85,Middle,Medium
199,Male,43,Salesperson,6.5,6,45,7,Overweight,130/85,72,6000,Insomnia,130,85,Middle,Medium
200,Male,43,Salesperson,6.5,6,45,7,Overweight,130/85,72,6000,Insomnia,130,85,Middle,Medium
201,Male,43,Salesperson,6.5,6,45,7,Overweight,130/85,72,6000,Insomnia,130,85,Middle,Medium
202,Male,43,Engineer,7.8,8,90,5,Normal,130/85,70,8000,Insomnia,130,85,Middle,High
203,Male,43,Engineer,7.8,8,90,5,Normal,130/85,70,8000,Insomnia,130,85,Middle,High
204,Male,43,Engineer,6.9,6,47,7,Normal,117/76,69,6800,None,117,76,Middle,Medium
205,Male,43,Engineer,7.6,8,75,4,Overweight,122/80,68,6800,None,122,80,Middle,High
206,Male,43,Engineer,7.7,8,90,5,Normal,130/85,70,8000,None,130,85,Middle,High
207,Male,43,Engineer,7.7,8,90,5,Normal,130/85,70,8000,None,130,85,Middle,High
208,Male,43,Engineer,7.7,8,90,5,Normal,130/85,70,8000,None,130,85,Middle,High
209,Male,43,Engineer,7.7,8,90,5,Normal,130/85,70,8000,None,130,85,Middle,High
210,Male,43,Engineer,7.8,8,90,5,Normal,130/85,70,8000,None,130,85,Middle,High
211,Male,43,Engineer,7.7,8,90,5,Normal,130/85,70,8000,None,130,85,Middle,High
212,Male,43,Engineer,7.8,8,90,5,Normal,130/85,70,8000,None,130,85,Middle,High
213,Male,43,Engineer,7.8,8,90,5,Normal,130/85,70,8000,None,130,85,Middle,High
214,Male,43,Engineer,7.8,8,90,5,Normal,130/85,70,8000,None,130,85,Middle,High
215,Male,43,Engineer,7.8,8,90,5,Normal,130/85,70,8000,None,130,85,Middle,High
216,Male,43,Engineer,7.8,8,90,5,Normal,130/85,70,8000,None,130,85,Middle,High
217,Male,43,Engineer,7.8,8,90,5,Normal,130/85,70,8000,None,130,85,Middle,High
218,Male,43,Engineer,7.8,8,90,5,Normal,130/85,70,8000,None,130,85,Middle,High
219,Male,43,Engineer,7.8,8,90,5,Normal,130/85,70,8000,Sleep Apnea,130,85,Middle,High
220,Male,43,Salesperson,6.5,6,45,7,Overweight,130/85,72,6000,Sleep Apnea,130,85,Middle,Medium
221,Female,44,Teacher,6.6,7,45,4,Overweight,135/90,65,6000,Insomnia,135,90,Middle,High
222,Male,44,Salesperson,6.4,6,45,7,Overweight,130/85,72,6000,Insomnia,130,85,Middle,Medium
223,Male,44,Salesperson,6.3,6,45,7,Overweight,130/85,72,6000,Insomnia,130,85,Middle,Medium
224,Male,44,Salesperson,6.4,6,45,7,Overweight,130/85,72,6000,Insomnia,130,85,Middle,Medium
225,Female,44,Teacher,6.6,7,45,4,Overweight,135/90,65,6000,Insomnia,135,90,Middle,High
226,Male,44,Salesperson,6.3,6,45,7,Overweight,130/85,72,6000,Insomnia,130,85,Middle,Medium
227,Female,44,Teacher,6.6,7,45,4,Overweight,135/90,65,6000,Insomnia,135,90,Middle,High
228,Male,44,Salesperson,6.3,6,45,7,Overweight,130/85,72,6000,Insomnia,130,85,Middle,Medium
229,Female,44,Teacher,6.6,7,45,4,Overweight,135/90,65,6000,Insomnia,135,90,Middle,High
230,Male,44,Salesperson,6.3,6,45,7,Overweight,130/85,72,6000,Insomnia,130,85,Middle,Medium
231,Female,44,Teacher,6.6,7,45,4,Overweight,135/90,65,6000,Insomnia,135,90,Middle,High
232,Male,44,Salesperson,6.3,6,45,7,Overweight,130/85,72,6000,Insomnia,130,85,Middle,Medium
233,Female,44,Teacher,6.6,7,45,4,Overweight,135/90,65,6000,Insomnia,135,90,Middle,High
234,Male,44,Salesperson,6.3,6,45,7,Overweight,130/85,72,6000,Insomnia,130,85,Middle,Medium
235,Female,44,Teacher,6.6,7,45,4,Overweight,135/90,65,6000,Insomnia,135,90,Middle,High
236,Male,44,Salesperson,6.3,6,45,7,Overweight,130/85,72,6000,Insomnia,130,85,Middle,Medium
237,Male,44,Salesperson,6.4,6,45,7,Overweight,130/85,72,6000,Insomnia,130,85,Middle,Medium
238,Female,44,Teacher,6.5,7,45,4,Overweight,135/90,65,6000,Insomnia,135,90,Middle,High
239,Male,44,Salesperson,6.3,6,45,7,Overweight,130/85,72,6000,Insomnia,130,85,Middle,Medium
240,Male,44,Salesperson,6.4,6,45,7,Overweight,130/85,72,6000,Insomnia,130,85,Middle,Medium
241,Female,44,Teacher,6.5,7,45,4,Overweight,135/90,65,6000,Insomnia,135,90,Middle,High
242,Male,44,Salesperson,6.3,6,45,7,Overweight,130/85,72,6000,Insomnia,130,85,Middle,Medium
243,Male,44,Salesperson,6.4,6,45,7,Overweight,130/85,72,6000,Insomnia,130,85,Middle,Medium
244,Female,44,Teacher,6.5,7,45,4,Overweight,135/90,65,6000,Insomnia,135,90,Middle,High
245,Male,44,Salesperson,6.3,6,45,7,Overweight,130/85,72,6000,Insomnia,130,85,Middle,Medium
246,Female,44,Teacher,6.5,7,45,4,Overweight,135/90,65,6000,Insomnia,135,90,Middle,High
247,Male,44,Salesperson,6.3,6,45,7,Overweight,130/85,72,6000,Insomnia,130,85,Middle,Medium
248,Male,44,Engineer,6.8,7,45,7,Overweight,130/85,78,5000,Insomnia,130,85,Middle,High
249,Male,44,Salesperson,6.4,6,45,7,Overweight,130/85,72,6000,None,130,85,Middle,Medium
250,Male,44,Salesperson,6.5,6,45,7,Overweight,130/85,72,6000,None,130,85,Middle,Medium
251,Female,45,Teacher,6.8,7,30,6,Overweight,135/90,65,6000,Insomnia,135,90,Senior,High
252,Female,45,Teacher,6.8,7,30,6,Overweight,135/90,65,6000,Insomnia,135,90,Senior,High
253,Female,45,Teacher,6.5,7,45,4,Overweight,135/90,65,6000,Insomnia,135,90,Senior,High
254,Female,45,Teacher,6.5,7,45,4,Overweight,135/90,65,6000,Insomnia,135,90,Senior,High
255,Female,45,Teacher,6.5,7,45,4,Overweight,135/90,65,6000,Insomnia,135,90,Senior,High
256,Female,45,Teacher,6.5,7,45,4,Overweight,135/90,65,6000,Insomnia,135,90,Senior,High
257,Female,45,Teacher,6.6,7,45,4,Overweight,135/90,65,6000,Insomnia,135,90,Senior,High
258,Female,45,Teacher,6.6,7,45,4,Overweight,135/90,65,6000,Insomnia,135,90,Senior,High
259,Female,45,Teacher,6.6,7,45,4,Overweight,135/90,65,6000,Insomnia,135,90,Senior,High
260,Female,45,Teacher,6.6,7,45,4,Overweight,135/90,65,6000,Insomnia,135,90,Senior,High
261,Female,45,Teacher,6.6,7,45,4,Overweight,135/90,65,6000,Insomnia,135,90,Senior,High
262,Female,45,Teacher,6.6,7,45,4,Overweight,135/90,65,6000,None,135,90,Senior,High
263,Female,45,Teacher,6.6,7,45,4,Overweight,135/90,65,6000,None,135,90,Senior,High
264,Female,45,Manager,6.9,7,55,5,Overweight,125/82,75,5500,None,125,82,Senior,High
265,Male,48,Doctor,7.3,7,65,5,Obese,142/92,83,3500,Insomnia,142,92,Senior,High
266,Female,48,Nurse,5.9,6,90,8,Overweight,140/95,75,10000,Sleep Apnea,140,95,Senior,Medium
267,Male,48,Doctor,7.3,7,65,5,Obese,142/92,83,3500,Insomnia,142,92,Senior,High
268,Female,49,Nurse,6.2,6,90,8,Overweight,140/95,75,10000,None,140,95,Senior,Medium
269,Female,49,Nurse,6.0,6,90,8,Overweight,140/95,75,10000,Sleep Apnea,140,95,Senior,Medium
270,Female,49,Nurse,6.1,6,90,8,Overweight,140/95,75,10000,Sleep Apnea,140,95,Senior,Medium
271,Female,49,Nurse,6.1,6,90,8,Overweight,140/95,75,10000,Sleep Apnea,140,95,Senior,Medium
272,Female,49,Nurse,6.1,6,90,8,Overweight,140/95,75,10000,Sleep Apnea,140,95,Senior,Medium
273,Female,49,Nurse,6.1,6,90,8,Overweight,140/95,75,10000,Sleep Apnea,140,95,Senior,Medium
274,Female,49,Nurse,6.2,6,90,8,Overweight,140/95,75,10000,Sleep Apnea,140,95,Senior,Medium
275,Female,49,Nurse,6.2,6,90,8,Overweight,140/95,75,10000,Sleep Apnea,140,95,Senior,Medium
276,Female,49,Nurse,6.2,6,90,8,Overweight,140/95,75,10000,Sleep Apnea,140,95,Senior,Medium
277,Male,49,Doctor,8.1,9,85,3,Obese,139/91,86,3700,Sleep Apnea,139,91,Senior,High
278,Male,49,Doctor,8.1,9,85,3,Obese,139/91,86,3700,Sleep Apnea,139,91,Senior,High
279,Female,50,Nurse,6.1,6,90,8,Overweight,140/95,75,10000,Insomnia,140,95,Senior,Medium
280,Female,50,Engineer,8.3,9,30,3,Normal,125/80,65,5000,None,125,80,Senior,High
281,Female,50,Nurse,6.0,6,90,8,Overweight,140/95,75,10000,None,140,95,Senior,Medium
282,Female,50,Nurse,6.1,6,90,8,Overweight,140/95,75,10000,Sleep Apnea,140,95,Senior,Medium
283,Female,50,Nurse,6.0,6,90,8,Overweight,140/95,75,10000,Sleep Apnea,140,95,Senior,Medium
284,Female,50,Nurse,6.0,6,90,8,Overweight,140/95,75,10000,Sleep Apnea,140,95,Senior,Medium
285,Female,50,Nurse,6.0,6,90,8,Overweight,140/95,75,10000,Sleep Apnea,140,95,Senior,Medium
286,Female,50,Nurse,6.0,6,90,8,Overweight,140/95,75,10000,Sleep Apnea,140,95,Senior,Medium
287,Female,50,Nurse,6.0,6,90,8,Overweight,140/95,75,10000,Sleep Apnea,140,95,Senior,Medium
288,Female,50,Nurse,6.0,6,90,8,Overweight,140/95,75,10000,Sleep Apnea,140,95,Senior,Medium
289,Female,50,Nurse,6.0,6,90,8,Overweight,140/95,75,10000,Sleep Apnea,140,95,Senior,Medium
290,Female,50,Nurse,6.1,6,90,8,Overweight,140/95,75,10000,Sleep Apnea,140,95,Senior,Medium
291,Female,50,Nurse,6.0,6,90,8,Overweight,140/95,75,10000,Sleep Apnea,140,95,Senior,Medium
292,Female,50,Nurse,6.1,6,90,8,Overweight,140/95,75,10000,Sleep Apnea,140,95,Senior,Medium
293,Female,50,Nurse,6.1,6,90,8,Overweight,140/95,75,10000,Sleep Apnea,140,95,Senior,Medium
294,Female,50,Nurse,6.0,6,90,8,Overweight,140/95,75,10000,Sleep Apnea,140,95,Senior,Medium
295,Female,50,Nurse,6.1,6,90,8,Overweight,140/95,75,10000,Sleep Apnea,140,95,Senior,Medium
296,Female,50,Nurse,6.0,6,90,8,Overweight,140/95,75,10000,Sleep Apnea,140,95,Senior,Medium
297,Female,50,Nurse,6.1,6,90,8,Overweight,140/95,75,10000,Sleep Apnea,140,95,Senior,Medium
298,Female,50,Nurse,6.1,6,90,8,Overweight,140/95,75,10000,Sleep Apnea,140,95,Senior,Medium
299,Female,51,Engineer,8.5,9,30,3,Normal,125/80,65,5000,None,125,80,Senior,High
300,Female,51,Engineer,8.5,9,30,3,Normal,125/80,65,5000,None,125,80,Senior,High
301,Female,51,Engineer,8.5,9,30,3,Normal,125/80,65,5000,None,125,80,Senior,High
302,Female,51,Engineer,8.5,9,30,3,Normal,125/80,65,5000,None,125,80,Senior,High
303,Female,51,Nurse,7.1,7,55,6,Normal,125/82,72,6000,None,125,82,Senior,High
304,Female,51,Nurse,6.0,6,90,8,Overweight,140/95,75,10000,Sleep Apnea,140,95,Senior,Medium
305,Female,51,Nurse,6.1,6,90,8,Overweight,140/95,75,10000,Sleep Apnea,140,95,Senior,Medium
306,Female,51,Nurse,6.1,6,90,8,Overweight,140/95,75,10000,Sleep Apnea,140,95,Senior,Medium
307,Female,52,Accountant,6.5,7,45,7,Overweight,130/85,72,6000,Insomnia,130,85,Senior,High
308,Female,52,Accountant,6.5,7,45,7,Overweight,130/85,72,6000,Insomnia,130,85,Senior,High
309,Female,52,Accountant,6.6,7,45,7,Overweight,130/85,72,6000,Insomnia,130,85,Senior,High
310,Female,52,Accountant,6.6,7,45,7,Overweight,130/85,72,6000,Insomnia,130,85,Senior,High
311,Female,52,Accountant,6.6,7,45,7,Overweight,130/85,72,6000,Insomnia,130,85,Senior,High
312,Female,52,Accountant,6.6,7,45,7,Overweight,130/85,72,6000,Insomnia,130,85,Senior,High
313,Female,52,Engineer,8.4,9,30,3,Normal,125/80,65,5000,None,125,80,Senior,High
314,Female,52,Engineer,8.4,9,30,3,Normal,125/80,65,5000,None,125,80,Senior,High
315,Female,52,Engineer,8.4,9,30,3,Normal,125/80,65,5000,None,125,80,Senior,High
316,Female,53,Engineer,8.3,9,30,3,Normal,125/80,65,5000,Insomnia,125,80,Senior,High
317,Female,53,Engineer,8.5,9,30,3,Normal,125/80,65,5000,None,125,80,Senior,High
318,Female,53,Engineer,8.5,9,30,3,Normal,125/80,65,5000,None,125,80,Senior,High
319,Female,53,Engineer,8.4,9,30,3,Normal,125/80,65,5000,None,125,80,Senior,High
320,Female,53,Engineer,8.4,9,30,3,Normal,125/80,65,5000,None,125,80,Senior,High
321,Female,53,Engineer,8.5,9,30,3,Normal,125/80,65,5000,None,125,80,Senior,High
322,Female,53,Engineer,8.4,9,30,3,Normal,125/80,65,5000,None,125,80,Senior,High
323,Female,53,Engineer,8.4,9,30,3,Normal,125/80,65,5000,None,125,80,Senior,High
324,Female,53,Engineer,8.5,9,30,3,Normal,125/80,65,5000,None,125,80,Senior,High
325,Female,53,Engineer,8.3,9,30,3,Normal,125/80,65,5000,None,125,80,Senior,High
326,Female,53,Engineer,8.5,9,30,3,Normal,125/80,65,5000,None,125,80,Senior,High
327,Female,53,Engineer,8.3,9,30,3,Normal,125/80,65,5000,None,125,80,Senior,High
328,Female,53,Engineer,8.5,9,30,3,Normal,125/80,65,5000,None,125,80,Senior,High
329,Female,53,Engineer,8.3,9,30,3,Normal,125/80,65,5000,None,125,80,Senior,High
330,Female,53,Engineer,8.5,9,30,3,Normal,125/80,65,5000,None,125,80,Senior,High
331,Female,53,Engineer,8.5,9,30,3,Normal,125/80,65,5000,None,125,80,Senior,High
332,Female,53,Engineer,8.4,9,30,3,Normal,125/80,65,5000,None,125,80,Senior,High
333,Female,54,Engineer,8.4,9,30,3,Normal,125/80,65,5000,None,125,80,Senior,High
334,Female,54,Engineer,8.4,9,30,3,Normal,125/80,65,5000,None,125,80,Senior,High
335,Female,54,Engineer,8.4,9,30,3,Normal,125/80,65,5000,None,125,80,Senior,High
336,Female,54,Engineer,8.4,9,30,3,Normal,125/80,65,5000,None,125,80,Senior,High
337,Female,54,Engineer,8.4,9,30,3,Normal,125/80,65,5000,None,125,80,Senior,High
338,Female,54,Engineer,8.4,9,30,3,Normal,125/80,65,5000,None,125,80,Senior,High
339,Female,54,Engineer,8.5,9,30,3,Normal,125/80,65,5000,None,125,80,Senior,High
340,Female,55,Nurse,8.1,9,75,4,Overweight,140/95,72,5000,Sleep Apnea,140,95,Senior,High
341,Female,55,Nurse,8.1,9,75,4,Overweight,140/95,72,5000,Sleep Apnea,140,95,Senior,High
342,Female,56,Doctor,8.2,9,90,3,Normal,118/75,65,10000,None,118,75,Senior,High
343,Female,56,Doctor,8.2,9,90,3,Normal,118/75,65,10000,None,118,75,Senior,High
344,Female,57,Nurse,8.1,9,75,3,Overweight,140/95,68,7000,None,140,95,Senior,High
345,Female,57,Nurse,8.2,9,75,3,Overweight,140/95,68,7000,Sleep Apnea,140,95,Senior,High
346,Female,57,Nurse,8.2,9,75,3,Overweight,140/95,68,7000,Sleep Apnea,140,95,Senior,High
347,Female,57,Nurse,8.2,9,75,3,Overweight,140/95,68,7000,Sleep Apnea,140,95,Senior,High
348,Female,57,Nurse,8.2,9,75,3,Overweight,140/95,68,7000,Sleep Apnea,140,95,Senior,High
349,Female,57,Nurse,8.2,9,75,3,Overweight,140/95,68,7000,Sleep Apnea,140,95,Senior,High
350,Female,57,Nurse,8.1,9,75,3,Overweight,140/95,68,7000,Sleep Apnea,140,95,Senior,High
351,Female,57,Nurse,8.1,9,75,3,Overweight,140/95,68,7000,Sleep Apnea,140,95,Senior,High
352,Female,57,Nurse,8.1,9,75,3,Overweight,140/95,68,7000,Sleep Apnea,140,95,Senior,High
353,Female,58,Nurse,8.0,9,75,3,Overweight,140/95,68,7000,Sleep Apnea,140,95,Senior,High
354,Female,58,Nurse,8.0,9,75,3,Overweight,140/95,68,7000,Sleep Apnea,140,95,Senior,High
355,Female,58,Nurse,8.0,9,75,3,Overweight,140/95,68,7000,Sleep Apnea,140,95,Senior,High
356,Female,58,Nurse,8.0,9,75,3,Overweight,140/95,68,7000,Sleep Apnea,140,95,Senior,High
357,Female,58,Nurse,8.0,9,75,3,Overweight,140/95,68,7000,Sleep Apnea,140,95,Senior,High
358,Female,58,Nurse,8.0,9,75,3,Overweight,140/95,68,7000,Sleep Apnea,140,95,Senior,High
359,Female,59,Nurse,8.0,9,75,3,Overweight,140/95,68,7000,None,140,95,Senior,High
360,Female,59,Nurse,8.1,9,75,3,Overweight,140/95,68,7000,None,140,95,Senior,High
361,Female,59,Nurse,8.2,9,75,3,Overweight,140/95,68,7000,Sleep Apnea,140,95,Senior,High
362,Female,59,Nurse,8.2,9,75,3,Overweight,140/95,68,7000,Sleep Apnea,140,95,Senior,High
363,Female,59,Nurse,8.2,9,75,3,Overweight,140/95,68,7000,Sleep Apnea,140,95,Senior,High
364,Female,59,Nurse,8.2,9,75,3,Overweight,140/95,68,7000,Sleep Apnea,140,95,Senior,High
365,Female,59,Nurse,8.0,9,75,3,Overweight,140/95,68,7000,Sleep Apnea,140,95,Senior,High
366,Female,59,Nurse,8.0,9,75,3,Overweight,140/95,68,7000,Sleep Apnea,140,95,Senior,High
367,Female,59,Nurse,8.1,9,75,3,Overweight,140/95,68,7000,Sleep Apnea,140,95,Senior,High
368,Female,59,Nurse,8.0,9,75,3,Overweight,140/95,68,7000,Sleep Apnea,140,95,Senior,High
369,Female,59,Nurse,8.1,9,75,3,Overweight,140/95,68,7000,Sleep Apnea,140,95,Senior,High
370,Female,59,Nurse,8.1,9,75,3,Overweight,140/95,68,7000,Sleep Apnea,140,95,Senior,High
371,Female,59,Nurse,8.0,9,75,3,Overweight,140/95,68,7000,Sleep Apnea,140,95,Senior,High
372,Female,59,Nurse,8.1,9,75,3,Overweight,140/95,68,7000,Sleep Apnea,140,95,Senior,High
373,Female,59,Nurse,8.1,9,75,3,Overweight,140/95,68,7000,Sleep Apnea,140,95,Senior,High
374,Female,59,Nurse,8.1,9,75,3,Overweight,140/95,68,7000,Sleep Apnea,140,95,Senior,High
