,PC1,PC2,PC3,PC4,PC5,PC6,PC7,PC8,PC9
Age,0.23986392982614962,0.41860959167999146,-0.2942787607011992,-0.1638345513079362,0.7527117566059492,-0.15377282466597694,0.21706458522057773,-0.1281614844969233,-0.005107378560241661
Sleep Duration,0.48092375866068215,0.017243731950035146,0.07598034374271076,0.41950211108205343,0.04120429973559031,0.7119811684310888,0.054910931143084804,-0.27245936714928853,-0.028207491965213355
Quality of Sleep,0.5162598128843474,0.05846864954377165,0.042548038595405166,0.11432065950898695,0.061124149790755145,-0.11759629489416684,-0.41542969762716503,0.7028117115438806,0.17631360704139165
Physical Activity Level,0.04675612362763881,0.3771875029365221,0.5698163466911476,0.28981872430697847,-0.12835229192803016,-0.24505205628893467,0.5841015928145604,0.17048406399253113,-0.00967381403212398
Stress Level,-0.5021958190089446,-0.013616440863908869,0.11199340020803847,-0.10709398910595658,0.3410700730358821,0.55491502255658,0.1589329570344485,0.49512831223633935,0.1700914469512163
Heart Rate,-0.41104885514893974,0.11091454413160776,-0.023815247943132063,0.7459602287244689,0.27455685989960465,-0.1883176588125593,-0.3747314217651482,-0.10179173796184436,-0.00909765868634236
Daily Steps,-0.03034530693068837,0.2792741171358809,0.6575127594542537,-0.35909693779734553,0.15289758366581488,0.08593541553365189,-0.5020058919185266,-0.245507408242641,-0.1294801934967623
bp_systolic,-0.1046223276690707,0.5283407628728765,-0.30825459312494335,-0.015339427549580564,-0.288041004062042,0.18281297639760646,-0.08755961850559871,0.22439260068662364,-0.6635111786727224
bp_diastolic,-0.09715365653974917,0.5560163939436884,-0.20167395237764835,-0.05477607444557475,-0.336840005743258,0.10657219368846024,-0.10368859860808705,-0.14209813139264676,0.6942421111717758
