PC1,PC2,PC3,PC4,PC5,PC6,PC7,PC8,PC9
-2.3954842138798287,-1.7287364127059306,-1.009504229647154,1.1760799057079314,-0.823878593216564,-0.670906891746659,-0.1729153435084452,0.031018117934717697,0.1464427491694886
-2.682567967068534,-0.7578076492325422,2.0954578436633096,-0.2817105151000824,0.15941875263117916,0.13925638429589038,-1.0148771562781331,-0.10348464668049162,-0.38721096082665907
-2.682567967068534,-0.7578076492325422,2.0954578436633096,-0.2817105151000824,0.15941875263117916,0.13925638429589038,-1.0148771562781331,-0.10348464668049162,-0.38721096082665907
-5.01982281781526,-0.41964203036721776,-2.657701437833812,2.193797951781194,-0.8767410589311999,0.11991586342329508,-0.25355954221242905,-0.40114596018010706,-0.2766993669627618
-5.01982281781526,-0.41964203036721776,-2.657701437833812,2.193797951781194,-0.8767410589311999,0.11991586342329508,-0.25355954221242905,-0.40114596018010706,-0.2766993669627618
-5.01982281781526,-0.41964203036721776,-2.657701437833812,2.193797951781194,-0.8767410589311999,0.11991586342329508,-0.25355954221242905,-0.40114596018010706,-0.2766993669627618
-3.291215134980484,-0.06994948545311669,-2.1507555840239023,2.124119206072079,-1.0731007608396053,-0.003726441916786229,-0.5879900751086602,0.42332874409027915,-0.13058099752590563
-0.05132819456083243,-1.1598720729033571,1.9486876148855967,0.5209025408601266,-0.4325582598223658,0.6572990277700459,0.14664049768130494,-0.23269135029257704,0.10399931933212742
-0.05132819456083243,-1.1598720729033571,1.9486876148855967,0.5209025408601266,-0.4325582598223658,0.6572990277700459,0.14664049768130494,-0.23269135029257704,0.10399931933212742
-0.05132819456083243,-1.1598720729033571,1.9486876148855967,0.5209025408601266,-0.4325582598223658,0.6572990277700459,0.14664049768130494,-0.23269135029257704,0.10399931933212742
-2.180039141076089,-2.0769601983978556,0.6443268375334495,-1.2200300377802038,0.09071982974239273,0.3887670551365146,-0.7074384009135954,-0.04772354717283249,0.22973543394157211
-0.05132819456083243,-1.1598720729033571,1.9486876148855967,0.5209025408601266,-0.4325582598223658,0.6572990277700459,0.14664049768130494,-0.23269135029257704,0.10399931933212742
-2.180039141076089,-2.0769601983978556,0.6443268375334495,-1.2200300377802038,0.09071982974239273,0.3887670551365146,-0.7074384009135954,-0.04772354717283249,0.22973543394157211
-2.2405637339534388,-2.079130334177524,0.6347646578970858,-1.2728246731609525,0.08553423967456569,0.29916372492126636,-0.7143489801729916,-0.01343434441384388,0.23328536662121377
-2.2405637339534388,-2.079130334177524,0.6347646578970858,-1.2728246731609525,0.08553423967456569,0.29916372492126636,-0.7143489801729916,-0.01343434441384388,0.23328536662121377
-2.2405637339534388,-2.079130334177524,0.6347646578970858,-1.2728246731609525,0.08553423967456569,0.29916372492126636,-0.7143489801729916,-0.01343434441384388,0.23328536662121377
-3.256862299933414,-0.8991361658623481,-1.535197992560804,1.7042845988206694,-0.7374767991172989,0.15067597433570648,-0.059438631167204534,-0.4226026566998091,0.026687119365869795
-2.2405637339534388,-2.079130334177524,0.6347646578970858,-1.2728246731609525,0.08553423967456569,0.29916372492126636,-0.7143489801729916,-0.01343434441384388,0.23328536662121377
-3.256862299933414,-0.8991361658623481,-1.535197992560804,1.7042845988206694,-0.7374767991172989,0.15067597433570648,-0.059438631167204534,-0.4226026566998091,0.026687119365869795
-0.14468436152576375,-1.1158825964410815,1.8955878794259002,0.39639807384101455,-0.3560265828503401,0.4603388279644655,0.15788010441164196,-0.17890957718560996,0.11050952233351591
-0.0841597686484134,-1.1137124606614133,1.9051500590622639,0.449192709221764,-0.3508409927825131,0.5499421581797145,0.16479068367103827,-0.2131987799445989,0.10695958965387414
-0.0841597686484134,-1.1137124606614133,1.9051500590622639,0.449192709221764,-0.3508409927825131,0.5499421581797145,0.16479068367103827,-0.2131987799445989,0.10695958965387414
-0.0841597686484134,-1.1137124606614133,1.9051500590622639,0.449192709221764,-0.3508409927825131,0.5499421581797145,0.16479068367103827,-0.2131987799445989,0.10695958965387414
-0.0841597686484134,-1.1137124606614133,1.9051500590622639,0.449192709221764,-0.3508409927825131,0.5499421581797145,0.16479068367103827,-0.2131987799445989,0.10695958965387414
-0.02363517577106361,-1.111542324881745,1.9147122386986277,0.5019873446025132,-0.34565540271468603,0.6395454883949627,0.17170126293043453,-0.24748798270358757,0.10340965697423249
0.0368894171062868,-1.109372189102077,1.9242744183349914,0.5547819799832627,-0.340469812646859,0.729148818610212,0.17861184218983084,-0.2817771854625767,0.09985972429459083
-0.02363517577106361,-1.111542324881745,1.9147122386986277,0.5019873446025132,-0.34565540271468603,0.6395454883949627,0.17170126293043453,-0.24748798270358757,0.10340965697423249
0.0368894171062868,-1.109372189102077,1.9242744183349914,0.5547819799832627,-0.340469812646859,0.729148818610212,0.17861184218983084,-0.2817771854625767,0.09985972429459083
0.0368894171062868,-1.109372189102077,1.9242744183349914,0.5547819799832627,-0.340469812646859,0.729148818610212,0.17861184218983084,-0.2817771854625767,0.09985972429459083
0.0368894171062868,-1.109372189102077,1.9242744183349914,0.5547819799832627,-0.340469812646859,0.729148818610212,0.17861184218983084,-0.2817771854625767,0.09985972429459083
-3.060930841147771,-1.2069806377561076,-1.551014903898082,1.1923311774756258,-0.619208176643809,0.1341564326780311,0.008197059637696725,-0.44489525147521203,0.08704099204644074
-3.060930841147771,-1.2069806377561076,-1.551014903898082,1.1923311774756258,-0.619208176643809,0.1341564326780311,0.008197059637696725,-0.44489525147521203,0.08704099204644074
1.2890135935589027,-1.7973121291411427,1.5675514859033555,0.8800053878803238,-0.43674644129561346,-0.17162645892036685,0.24168412042538323,-0.055055408515773334,-0.04086783536188565
-2.3349636882370306,-2.103720610212216,-0.8551630936989857,-0.23980218514801058,-0.07253701629472706,0.22064055367352237,0.036727023553103984,0.4742285160827176,0.035809961010422955
-0.05646674985864454,-1.065382712639801,1.8711746828752949,0.4302775129641506,-0.2639381356748331,0.5321886188046313,0.18985144892016792,-0.2279954123556095,0.10636992729597922
-2.3349636882370306,-2.103720610212216,-0.8551630936989857,-0.23980218514801058,-0.07253701629472706,0.22064055367352237,0.036727023553103984,0.4742285160827176,0.035809961010422955
-2.3349636882370306,-2.103720610212216,-0.8551630936989857,-0.23980218514801058,-0.07253701629472706,0.22064055367352237,0.036727023553103984,0.4742285160827176,0.035809961010422955
-0.11699134273599487,-1.0675528484194692,1.861612503238931,0.37748287758340116,-0.26912372574266014,0.44258528858938234,0.1829408696607716,-0.1937062095966205,0.10991985997562087
-0.11699134273599487,-1.0675528484194692,1.861612503238931,0.37748287758340116,-0.26912372574266014,0.44258528858938234,0.1829408696607716,-0.1937062095966205,0.10991985997562087
-0.11699134273599487,-1.0675528484194692,1.861612503238931,0.37748287758340116,-0.26912372574266014,0.44258528858938234,0.1829408696607716,-0.1937062095966205,0.10991985997562087
-0.05646674985864454,-1.065382712639801,1.8711746828752949,0.4302775129641506,-0.2639381356748331,0.5321886188046313,0.18985144892016792,-0.2279954123556095,0.10636992729597922
-0.05646674985864454,-1.065382712639801,1.8711746828752949,0.4302775129641506,-0.2639381356748331,0.5321886188046313,0.18985144892016792,-0.2279954123556095,0.10636992729597922
-0.05646674985864454,-1.065382712639801,1.8711746828752949,0.4302775129641506,-0.2639381356748331,0.5321886188046313,0.18985144892016792,-0.2279954123556095,0.10636992729597922
0.004057843018705266,-1.063212576860133,1.8807368625116585,0.48307214834489964,-0.25875254560700606,0.6217919490198796,0.19676202817956412,-0.2622846151145982,0.10281999461633756
-0.05646674985864454,-1.065382712639801,1.8711746828752949,0.4302775129641506,-0.2639381356748331,0.5321886188046313,0.18985144892016792,-0.2279954123556095,0.10636992729597922
0.004057843018705266,-1.063212576860133,1.8807368625116585,0.48307214834489964,-0.25875254560700606,0.6217919490198796,0.19676202817956412,-0.2622846151145982,0.10281999461633756
-0.05646674985864454,-1.065382712639801,1.8711746828752949,0.4302775129641506,-0.2639381356748331,0.5321886188046313,0.18985144892016792,-0.2279954123556095,0.10636992729597922
0.004057843018705266,-1.063212576860133,1.8807368625116585,0.48307214834489964,-0.25875254560700606,0.6217919490198796,0.19676202817956412,-0.2622846151145982,0.10281999461633756
-0.05646674985864454,-1.065382712639801,1.8711746828752949,0.4302775129641506,-0.2639381356748331,0.5321886188046313,0.18985144892016792,-0.2279954123556095,0.10636992729597922
-0.05646674985864454,-1.065382712639801,1.8711746828752949,0.4302775129641506,-0.2639381356748331,0.5321886188046313,0.18985144892016792,-0.2279954123556095,0.10636992729597922
1.0647837868437118,-1.4933729785719612,0.8423461782856522,0.16475647758134385,-0.5285570653410174,-0.34915029304032186,-1.2578317286226508,-0.6702981580654347,-0.013610652690344716
1.0647837868437118,-1.4933729785719612,0.8423461782856522,0.16475647758134385,-0.5285570653410174,-0.34915029304032186,-1.2578317286226508,-0.6702981580654347,-0.013610652690344716
-2.3677952623246115,-2.057560997970272,-0.8987006495223185,-0.3115120167863728,0.009180250745125906,0.11328368408319105,0.054877209542837375,0.4937210864306956,0.03877023133216968
-0.089298323946226,-1.0192231003978571,1.827637127051962,0.35856768132578776,-0.18222086863498013,0.42483174921429917,0.20800163490990128,-0.20850284200763108,0.10933019761772594
-2.3677952623246115,-2.057560997970272,-0.8987006495223185,-0.3115120167863728,0.009180250745125906,0.11328368408319105,0.054877209542837375,0.4937210864306956,0.03877023133216968
-2.3677952623246115,-2.057560997970272,-0.8987006495223185,-0.3115120167863728,0.009180250745125906,0.11328368408319105,0.054877209542837375,0.4937210864306956,0.03877023133216968
-0.02877373106887568,-1.017052964618189,1.8371993066883257,0.4113623167065372,-0.17703527856715298,0.5144350794295481,0.2149122141692976,-0.24279204476662003,0.10578026493808429
-2.3677952623246115,-2.057560997970272,-0.8987006495223185,-0.3115120167863728,0.009180250745125906,0.11328368408319105,0.054877209542837375,0.4937210864306956,0.03877023133216968
-2.3677952623246115,-2.057560997970272,-0.8987006495223185,-0.3115120167863728,0.009180250745125906,0.11328368408319105,0.054877209542837375,0.4937210864306956,0.03877023133216968
-0.02877373106887568,-1.017052964618189,1.8371993066883257,0.4113623167065372,-0.17703527856715298,0.5144350794295481,0.2149122141692976,-0.24279204476662003,0.10578026493808429
-2.3677952623246115,-2.057560997970272,-0.8987006495223185,-0.3115120167863728,0.009180250745125906,0.11328368408319105,0.054877209542837375,0.4937210864306956,0.03877023133216968
-2.3677952623246115,-2.057560997970272,-0.8987006495223185,-0.3115120167863728,0.009180250745125906,0.11328368408319105,0.054877209542837375,0.4937210864306956,0.03877023133216968
-2.246746076569911,-2.0532207264109354,-0.879576290249591,-0.20592274602487443,0.019551430880780207,0.29249034451368844,0.06869836806162989,0.42514268091271806,0.031670365972886375
-2.246746076569911,-2.0532207264109354,-0.879576290249591,-0.20592274602487443,0.019551430880780207,0.29249034451368844,0.06869836806162989,0.42514268091271806,0.031670365972886375
-2.246746076569911,-2.0532207264109354,-0.879576290249591,-0.20592274602487443,0.019551430880780207,0.29249034451368844,0.06869836806162989,0.42514268091271806,0.031670365972886375
-2.246746076569911,-2.0532207264109354,-0.879576290249591,-0.20592274602487443,0.019551430880780207,0.29249034451368844,0.06869836806162989,0.42514268091271806,0.031670365972886375
0.35232838472066735,-2.156831858753711,0.9555709453344314,-0.20467168534419783,0.06825101341799149,0.18400910375919272,-0.28693216843198904,0.5473365626958218,0.08740349443082263
-2.340102243534843,-2.0092312499486598,-0.9326760257092878,-0.3304272130439863,0.096083107852806,0.09553014470810788,0.07993797479196697,0.47892445401968514,0.038180568974274756
-2.1343314386286862,-0.7764116929473468,-0.5951023609014736,0.7355323111030426,-0.4740256088090015,-0.585433640274777,-0.16052331757276175,-0.18755951101597168,0.08780681098012913
-2.1343314386286862,-0.7764116929473468,-0.5951023609014736,0.7355323111030426,-0.4740256088090015,-0.585433640274777,-0.16052331757276175,-0.18755951101597168,0.08780681098012913
-2.279577650657493,-2.0070611141689914,-0.9231138460729241,-0.2776325776632374,0.10126869792063303,0.18513347492335613,0.08684855405136328,0.4446352512606964,0.0346306362946331
-2.279577650657493,-2.0070611141689914,-0.9231138460729241,-0.2776325776632374,0.10126869792063303,0.18513347492335613,0.08684855405136328,0.4446352512606964,0.0346306362946331
-2.279577650657493,-2.0070611141689914,-0.9231138460729241,-0.2776325776632374,0.10126869792063303,0.18513347492335613,0.08684855405136328,0.4446352512606964,0.0346306362946331
-2.279577650657493,-2.0070611141689914,-0.9231138460729241,-0.2776325776632374,0.10126869792063303,0.18513347492335613,0.08684855405136328,0.4446352512606964,0.0346306362946331
-2.340102243534843,-2.0092312499486598,-0.9326760257092878,-0.3304272130439863,0.096083107852806,0.09553014470810788,0.07993797479196697,0.47892445401968514,0.038180568974274756
-2.340102243534843,-2.0092312499486598,-0.9326760257092878,-0.3304272130439863,0.096083107852806,0.09553014470810788,0.07993797479196697,0.47892445401968514,0.038180568974274756
-2.340102243534843,-2.0092312499486598,-0.9326760257092878,-0.3304272130439863,0.096083107852806,0.09553014470810788,0.07993797479196697,0.47892445401968514,0.038180568974274756
-2.340102243534843,-2.0092312499486598,-0.9326760257092878,-0.3304272130439863,0.096083107852806,0.09553014470810788,0.07993797479196697,0.47892445401968514,0.038180568974274756
-2.340102243534843,-2.0092312499486598,-0.9326760257092878,-0.3304272130439863,0.096083107852806,0.09553014470810788,0.07993797479196697,0.47892445401968514,0.038180568974274756
-2.340102243534843,-2.0092312499486598,-0.9326760257092878,-0.3304272130439863,0.096083107852806,0.09553014470810788,0.07993797479196697,0.47892445401968514,0.038180568974274756
-4.3680717019450945,-0.7986987974018219,-1.4083642444484115,0.8974248182341295,0.12342162780749379,-0.08228738818089493,-0.2053095681032738,-0.8435702488300797,-0.12464979079954873
-4.3680717019450945,-0.7986987974018219,-1.4083642444484115,0.8974248182341295,0.12342162780749379,-0.08228738818089493,-0.2053095681032738,-0.8435702488300797,-0.12464979079954873
-0.47247257614575033,-1.0278238430581754,-0.8086897556207385,-0.11857707234858361,-0.6885734501034132,-0.20506067708574016,-0.2636812955530339,-0.006217529301114295,0.017426649472879835
-0.47247257614575033,-1.0278238430581754,-0.8086897556207385,-0.11857707234858361,-0.6885734501034132,-0.20506067708574016,-0.2636812955530339,-0.006217529301114295,0.017426649472879835
0.6148127799504671,-1.0917790314350486,1.2776798064989134,0.19612209984776469,0.024524632272714564,0.04715482925286836,-0.5821146451425326,-0.03297269190848011,0.16960531946732146
1.0809986007223171,-2.110363353231233,1.1534516003108697,0.013611204080216318,0.04875563461289618,-0.7015070554470862,-0.05954017011607844,-0.037795293566247584,0.033450493464810514
1.2029791248303547,-1.4020100365636032,-0.205378734992461,-0.14806761217741035,-0.9858901173622053,-0.3482336662178839,0.6366299784093417,0.514568906966091,-0.09305194493177332
1.2029791248303547,-1.4020100365636032,-0.205378734992461,-0.14806761217741035,-0.9858901173622053,-0.3482336662178839,0.6366299784093417,0.514568906966091,-0.09305194493177332
1.2635037177077044,-1.399839900783935,-0.19581655535609732,-0.09527297679666134,-0.9807045272943783,-0.2586303360026356,0.643540557668738,0.4802797042071022,-0.09660187761141492
1.2635037177077044,-1.399839900783935,-0.19581655535609732,-0.09527297679666134,-0.9807045272943783,-0.2586303360026356,0.643540557668738,0.4802797042071022,-0.09660187761141492
1.2635037177077044,-1.399839900783935,-0.19581655535609732,-0.09527297679666134,-0.9807045272943783,-0.2586303360026356,0.643540557668738,0.4802797042071022,-0.09660187761141492
1.2635037177077044,-1.399839900783935,-0.19581655535609732,-0.09527297679666134,-0.9807045272943783,-0.2586303360026356,0.643540557668738,0.4802797042071022,-0.09660187761141492
0.6148127799504671,-1.0917790314350486,1.2776798064989134,0.19612209984776469,0.024524632272714564,0.04715482925286836,-0.5821146451425326,-0.03297269190848011,0.16960531946732146
-1.5117925237508332,0.16782686893392548,-1.6205813221259535,3.5198946841043095,-0.5421920508673103,-0.3394417820997688,-0.35599796366676123,0.03272060596399865,-0.012205093642417255
1.108691619512086,-2.062033605209621,1.1194762241239007,-0.005303992177397081,0.1356584917205764,-0.7192605948221694,-0.034479404866948796,-0.05259192597725812,0.03286083110691559
1.0481670266347356,-2.064203740989289,1.1099140444875368,-0.0580986275581466,0.13047290165274913,-0.8088639250374186,-0.041389984126345106,-0.01830272321826909,0.03641076378655713
1.108691619512086,-2.062033605209621,1.1194762241239007,-0.005303992177397081,0.1356584917205764,-0.7192605948221694,-0.034479404866948796,-0.05259192597725812,0.03286083110691559
1.0481670266347356,-2.064203740989289,1.1099140444875368,-0.0580986275581466,0.13047290165274913,-0.8088639250374186,-0.041389984126345106,-0.01830272321826909,0.03641076378655713
1.0481670266347356,-2.064203740989289,1.1099140444875368,-0.0580986275581466,0.13047290165274913,-0.8088639250374186,-0.041389984126345106,-0.01830272321826909,0.03641076378655713
1.0481670266347356,-2.064203740989289,1.1099140444875368,-0.0580986275581466,0.13047290165274913,-0.8088639250374186,-0.041389984126345106,-0.01830272321826909,0.03641076378655713
1.108691619512086,-2.062033605209621,1.1194762241239007,-0.005303992177397081,0.1356584917205764,-0.7192605948221694,-0.034479404866948796,-0.05259192597725812,0.03286083110691559
1.108691619512086,-2.062033605209621,1.1194762241239007,-0.005303992177397081,0.1356584917205764,-0.7192605948221694,-0.034479404866948796,-0.05259192597725812,0.03286083110691559
1.108691619512086,-2.062033605209621,1.1194762241239007,-0.005303992177397081,0.1356584917205764,-0.7192605948221694,-0.034479404866948796,-0.05259192597725812,0.03286083110691559
-2.3436752779462853,-1.1480903916648337,-1.322433572698389,0.3261872757758602,-0.14037779412597182,0.3681910022365953,0.3628370410257348,-0.5928458618394685,-0.11077755221566227
1.108691619512086,-2.062033605209621,1.1194762241239007,-0.005303992177397081,0.1356584917205764,-0.7192605948221694,-0.034479404866948796,-0.05259192597725812,0.03286083110691559
-2.3436752779462853,-1.1480903916648337,-1.322433572698389,0.3261872757758602,-0.14037779412597182,0.3681910022365953,0.3628370410257348,-0.5928458618394685,-0.11077755221566227
-2.11855402598214,-1.2454389324898092,-1.3492579915168454,0.9869279431317978,0.04514997786023623,-0.8484422854974907,0.07769230898285116,-0.1169482061753877,0.14054612559053917
1.3754593380730897,-1.0261655525555624,1.0537238962516762,0.3774437967890544,-0.267855037310796,-0.11246383800591493,0.17199025292287876,-0.16163697559856777,0.14168755097676675
1.3754593380730897,-1.0261655525555624,1.0537238962516762,0.3774437967890544,-0.267855037310796,-0.11246383800591493,0.17199025292287876,-0.16163697559856777,0.14168755097676675
0.5945687684738433,0.08360803540150288,0.6494490336391973,-0.32006340782194653,-0.5857658202521846,0.3360939771818461,-0.5548544812542441,0.19554880743214095,-0.11700169332295071
1.1363846383018548,-2.0137038571880086,1.0855008479369315,-0.024219188435010426,0.22256134882825637,-0.7370141341972526,-0.00941863961781915,-0.06738855838826871,0.03227116874902066
0.5945687684738433,0.08360803540150288,0.6494490336391973,-0.32006340782194653,-0.5857658202521846,0.3360939771818461,-0.5548544812542441,0.19554880743214095,-0.11700169332295071
1.1363846383018548,-2.0137038571880086,1.0855008479369315,-0.024219188435010426,0.22256134882825637,-0.7370141341972526,-0.00941863961781915,-0.06738855838826871,0.03227116874902066
0.5945687684738433,0.08360803540150288,0.6494490336391973,-0.32006340782194653,-0.5857658202521846,0.3360939771818461,-0.5548544812542441,0.19554880743214095,-0.11700169332295071
1.1363846383018548,-2.0137038571880086,1.0855008479369315,-0.024219188435010426,0.22256134882825637,-0.7370141341972526,-0.00941863961781915,-0.06738855838826871,0.03227116874902066
1.1363846383018548,-2.0137038571880086,1.0855008479369315,-0.024219188435010426,0.22256134882825637,-0.7370141341972526,-0.00941863961781915,-0.06738855838826871,0.03227116874902066
1.1363846383018548,-2.0137038571880086,1.0855008479369315,-0.024219188435010426,0.22256134882825637,-0.7370141341972526,-0.00941863961781915,-0.06738855838826871,0.03227116874902066
1.1363846383018548,-2.0137038571880086,1.0855008479369315,-0.024219188435010426,0.22256134882825637,-0.7370141341972526,-0.00941863961781915,-0.06738855838826871,0.03227116874902066
1.1363846383018548,-2.0137038571880086,1.0855008479369315,-0.024219188435010426,0.22256134882825637,-0.7370141341972526,-0.00941863961781915,-0.06738855838826871,0.03227116874902066
1.1363846383018548,-2.0137038571880086,1.0855008479369315,-0.024219188435010426,0.22256134882825637,-0.7370141341972526,-0.00941863961781915,-0.06738855838826871,0.03227116874902066
1.1363846383018548,-2.0137038571880086,1.0855008479369315,-0.024219188435010426,0.22256134882825637,-0.7370141341972526,-0.00941863961781915,-0.06738855838826871,0.03227116874902066
1.1363846383018548,-2.0137038571880086,1.0855008479369315,-0.024219188435010426,0.22256134882825637,-0.7370141341972526,-0.00941863961781915,-0.06738855838826871,0.03227116874902066
1.1363846383018548,-2.0137038571880086,1.0855008479369315,-0.024219188435010426,0.22256134882825637,-0.7370141341972526,-0.00941863961781915,-0.06738855838826871,0.03227116874902066
1.1363846383018548,-2.0137038571880086,1.0855008479369315,-0.024219188435010426,0.22256134882825637,-0.7370141341972526,-0.00941863961781915,-0.06738855838826871,0.03227116874902066
1.1363846383018548,-2.0137038571880086,1.0855008479369315,-0.024219188435010426,0.22256134882825637,-0.7370141341972526,-0.00941863961781915,-0.06738855838826871,0.03227116874902066
0.9535806486684242,-0.9874359749169136,1.146532799546427,0.21872329514753597,0.005869441428844656,-0.30148276406157803,-0.6216766816670876,-0.34195969610273175,0.072445853393245
0.5617371943862618,0.12976764764344695,0.6059114778158643,-0.3917732394603094,-0.5040485532123317,0.22873710759151386,-0.5367042952645108,0.21504137778011942,-0.11404142300120398
1.1035530642142732,-1.9675442449460647,1.0419632921135986,-0.09592902007337335,0.3042786158681093,-0.8443710037875849,0.008731546371914187,-0.047895988040290244,0.03523143907076728
0.5617371943862618,0.12976764764344695,0.6059114778158643,-0.3917732394603094,-0.5040485532123317,0.22873710759151386,-0.5367042952645108,0.21504137778011942,-0.11404142300120398
0.5617371943862618,0.12976764764344695,0.6059114778158643,-0.3917732394603094,-0.5040485532123317,0.22873710759151386,-0.5367042952645108,0.21504137778011942,-0.11404142300120398
1.1035530642142732,-1.9675442449460647,1.0419632921135986,-0.09592902007337335,0.3042786158681093,-0.8443710037875849,0.008731546371914187,-0.047895988040290244,0.03523143907076728
0.5617371943862618,0.12976764764344695,0.6059114778158643,-0.3917732394603094,-0.5040485532123317,0.22873710759151386,-0.5367042952645108,0.21504137778011942,-0.11404142300120398
0.5617371943862618,0.12976764764344695,0.6059114778158643,-0.3917732394603094,-0.5040485532123317,0.22873710759151386,-0.5367042952645108,0.21504137778011942,-0.11404142300120398
1.1035530642142732,-1.9675442449460647,1.0419632921135986,-0.09592902007337335,0.3042786158681093,-0.8443710037875849,0.008731546371914187,-0.047895988040290244,0.03523143907076728
0.5617371943862618,0.12976764764344695,0.6059114778158643,-0.3917732394603094,-0.5040485532123317,0.22873710759151386,-0.5367042952645108,0.21504137778011942,-0.11404142300120398
0.5617371943862618,0.12976764764344695,0.6059114778158643,-0.3917732394603094,-0.5040485532123317,0.22873710759151386,-0.5367042952645108,0.21504137778011942,-0.11404142300120398
1.1035530642142732,-1.9675442449460647,1.0419632921135986,-0.09592902007337335,0.3042786158681093,-0.8443710037875849,0.008731546371914187,-0.047895988040290244,0.03523143907076728
0.44068800863156166,0.12542737608411067,0.5867871185431368,-0.497362510221808,-0.5144197333479859,0.04953044716101642,-0.5505254537833033,0.283619783298097,-0.10694155764192062
1.1035530642142732,-1.9675442449460647,1.0419632921135986,-0.09592902007337335,0.3042786158681093,-0.8443710037875849,0.008731546371914187,-0.047895988040290244,0.03523143907076728
0.44068800863156166,0.12542737608411067,0.5867871185431368,-0.497362510221808,-0.5144197333479859,0.04953044716101642,-0.5505254537833033,0.283619783298097,-0.10694155764192062
1.1035530642142732,-1.9675442449460647,1.0419632921135986,-0.09592902007337335,0.3042786158681093,-0.8443710037875849,0.008731546371914187,-0.047895988040290244,0.03523143907076728
0.44068800863156166,0.12542737608411067,0.5867871185431368,-0.497362510221808,-0.5144197333479859,0.04953044716101642,-0.5505254537833033,0.283619783298097,-0.10694155764192062
1.1035530642142732,-1.9675442449460647,1.0419632921135986,-0.09592902007337335,0.3042786158681093,-0.8443710037875849,0.008731546371914187,-0.047895988040290244,0.03523143907076728
1.1035530642142732,-1.9675442449460647,1.0419632921135986,-0.09592902007337335,0.3042786158681093,-0.8443710037875849,0.008731546371914187,-0.047895988040290244,0.03523143907076728
0.44068800863156166,0.12542737608411067,0.5867871185431368,-0.497362510221808,-0.5144197333479859,0.04953044716101642,-0.5505254537833033,0.283619783298097,-0.10694155764192062
-1.4287134673815265,0.3128161129987619,-1.722507450686861,3.4631490953314694,-0.28148347954427,-0.3927024002250182,-0.2808156679193721,-0.011669291269033008,-0.01397408071610209
0.5289056202986808,0.17592725988539096,0.5623739219925314,-0.4634830710986719,-0.42233128617247867,0.12138023800118236,-0.5185541092747774,0.23453394812809755,-0.11108115267945726
-2.9799321120357254,-0.4158386856462268,-1.8749517544304952,1.5151326362445356,0.13155177195950127,-0.026859419415125138,0.19116902132409183,-0.5705689808099145,0.02079049578692036
-1.0130886421660188,-0.44918392305063815,-0.690658666321076,0.9066273600602403,0.0683490460358509,-0.11751339186358034,-0.21859058503780163,0.09623480120917381,0.20912104892563174
2.478956701094205,-1.149810876894094,1.7251809601624726,0.4765661435810107,-0.010256530598525396,-0.5786496318508354,0.10515528159248895,-0.019438174335577832,0.34551474315633596
2.478956701094205,-1.149810876894094,1.7251809601624726,0.4765661435810107,-0.010256530598525396,-0.5786496318508354,0.10515528159248895,-0.019438174335577832,0.34551474315633596
0.5289056202986808,0.17592725988539096,0.5623739219925314,-0.4634830710986719,-0.42233128617247867,0.12138023800118236,-0.5185541092747774,0.23453394812809755,-0.11108115267945726
0.5289056202986808,0.17592725988539096,0.5623739219925314,-0.4634830710986719,-0.42233128617247867,0.12138023800118236,-0.5185541092747774,0.23453394812809755,-0.11108115267945726
0.5289056202986808,0.17592725988539096,0.5623739219925314,-0.4634830710986719,-0.42233128617247867,0.12138023800118236,-0.5185541092747774,0.23453394812809755,-0.11108115267945726
0.5289056202986808,0.17592725988539096,0.5623739219925314,-0.4634830710986719,-0.42233128617247867,0.12138023800118236,-0.5185541092747774,0.23453394812809755,-0.11108115267945726
0.5289056202986808,0.17592725988539096,0.5623739219925314,-0.4634830710986719,-0.42233128617247867,0.12138023800118236,-0.5185541092747774,0.23453394812809755,-0.11108115267945726
0.5289056202986808,0.17592725988539096,0.5623739219925314,-0.4634830710986719,-0.42233128617247867,0.12138023800118236,-0.5185541092747774,0.23453394812809755,-0.11108115267945726
0.5289056202986808,0.17592725988539096,0.5623739219925314,-0.4634830710986719,-0.42233128617247867,0.12138023800118236,-0.5185541092747774,0.23453394812809755,-0.11108115267945726
0.5289056202986808,0.17592725988539096,0.5623739219925314,-0.4634830710986719,-0.42233128617247867,0.12138023800118236,-0.5185541092747774,0.23453394812809755,-0.11108115267945726
0.5289056202986808,0.17592725988539096,0.5623739219925314,-0.4634830710986719,-0.42233128617247867,0.12138023800118236,-0.5185541092747774,0.23453394812809755,-0.11108115267945726
0.5289056202986808,0.17592725988539096,0.5623739219925314,-0.4634830710986719,-0.42233128617247867,0.12138023800118236,-0.5185541092747774,0.23453394812809755,-0.11108115267945726
0.05254577858537686,-1.334768122660692,0.8413621622515507,0.5391746710463762,1.0014287664258876,-0.18799598762413208,-0.521086253652427,0.30703226588234067,0.0723797275198517
0.05254577858537686,-1.334768122660692,0.8413621622515507,0.5391746710463762,1.0014287664258876,-0.18799598762413208,-0.521086253652427,0.30703226588234067,0.0723797275198517
1.0476979872584748,0.7833916064084747,1.417068298494253,0.3051129536474738,-0.48422666624554456,0.37745943271259863,0.39721601816432833,0.22556866569521614,-0.150470990765288
1.0476979872584748,0.7833916064084747,1.417068298494253,0.3051129536474738,-0.48422666624554456,0.37745943271259863,0.39721601816432833,0.22556866569521614,-0.150470990765288
0.6947689768121939,0.8789207329216184,1.3428739745825464,0.48904117663199675,-0.2799278610214233,-0.0002959351516880451,0.22008332152542978,0.26434752673481104,-0.1448163485515796
0.23604069874282704,-0.9119993548547336,0.6407245221859564,0.8241188296251684,0.6464675001375083,-0.2238593445791935,0.30821493967687863,0.5844752432132214,0.20576387290885192
-0.448304486232465,-0.7275909496362952,-0.1639241055288003,0.4237321984715732,0.3454604880632374,0.007832234234668842,0.18708620086868882,0.01928319348037944,0.08383716593971734
-0.448304486232465,-0.7275909496362952,-0.1639241055288003,0.4237321984715732,0.3454604880632374,0.007832234234668842,0.18708620086868882,0.01928319348037944,0.08383716593971734
0.7552935696895442,0.8810908687012865,1.3524361542189103,0.5418358120127462,-0.27474227095359616,0.08930739506356108,0.2269939007848261,0.23005832397582213,-0.1483662812312213
0.7552935696895442,0.8810908687012865,1.3524361542189103,0.5418358120127462,-0.27474227095359616,0.08930739506356108,0.2269939007848261,0.23005832397582213,-0.1483662812312213
0.7552935696895442,0.8810908687012865,1.3524361542189103,0.5418358120127462,-0.27474227095359616,0.08930739506356108,0.2269939007848261,0.23005832397582213,-0.1483662812312213
0.7552935696895442,0.8810908687012865,1.3524361542189103,0.5418358120127462,-0.27474227095359616,0.08930739506356108,0.2269939007848261,0.23005832397582213,-0.1483662812312213
0.7552935696895442,0.8810908687012865,1.3524361542189103,0.5418358120127462,-0.27474227095359616,0.08930739506356108,0.2269939007848261,0.23005832397582213,-0.1483662812312213
0.6947689768121939,0.8789207329216184,1.3428739745825464,0.48904117663199675,-0.2799278610214233,-0.0002959351516880451,0.22008332152542978,0.26434752673481104,-0.1448163485515796
0.6947689768121939,0.8789207329216184,1.3428739745825464,0.48904117663199675,-0.2799278610214233,-0.0002959351516880451,0.22008332152542978,0.26434752673481104,-0.1448163485515796
0.6947689768121939,0.8789207329216184,1.3428739745825464,0.48904117663199675,-0.2799278610214233,-0.0002959351516880451,0.22008332152542978,0.26434752673481104,-0.1448163485515796
-1.6364761975489475,-0.31770976525744726,-0.7990946986556164,-0.24395357591859096,0.2539257873512484,0.1518523554675875,0.21999378927778396,-0.10456852081219438,-0.032601544338025513
0.8435111813566629,0.9315907525025668,1.328022957668305,0.575715251135882,-0.18265382377808906,0.1611571859037262,0.258965245293352,0.18097248880582287,-0.15250587626875792
0.8435111813566629,0.9315907525025668,1.328022957668305,0.575715251135882,-0.18265382377808906,0.1611571859037262,0.258965245293352,0.18097248880582287,-0.15250587626875792
0.8435111813566629,0.9315907525025668,1.328022957668305,0.575715251135882,-0.18265382377808906,0.1611571859037262,0.258965245293352,0.18097248880582287,-0.15250587626875792
0.8435111813566629,0.9315907525025668,1.328022957668305,0.575715251135882,-0.18265382377808906,0.1611571859037262,0.258965245293352,0.18097248880582287,-0.15250587626875792
0.8435111813566629,0.9315907525025668,1.328022957668305,0.575715251135882,-0.18265382377808906,0.1611571859037262,0.258965245293352,0.18097248880582287,-0.15250587626875792
0.8435111813566629,0.9315907525025668,1.328022957668305,0.575715251135882,-0.18265382377808906,0.1611571859037262,0.258965245293352,0.18097248880582287,-0.15250587626875792
-2.0332662432364703,-0.32291474892188327,-1.2119447356243338,1.2203599694809601,0.5737113044431431,0.09390078928950325,0.007035391636992638,-0.203366182710492,0.02366839503302401
-2.0332662432364703,-0.32291474892188327,-1.2119447356243338,1.2203599694809601,0.5737113044431431,0.09390078928950325,0.007035391636992638,-0.203366182710492,0.02366839503302401
0.3444201956363251,0.4121428501724897,-1.2906380865257168,-1.1990640201251668,-1.1002134678130617,-0.200565206444586,0.13657125172410922,-0.23611503012804352,-0.02994708091532345
-1.7298323645138787,-0.2737202887951714,-0.852194434115313,-0.368458042937703,0.33045746432327416,-0.04510784433799299,0.23123339600812107,-0.05078674770522731,-0.026091341336637118
0.3444201956363251,0.4121428501724897,-1.2906380865257168,-1.1990640201251668,-1.1002134678130617,-0.200565206444586,0.13657125172410922,-0.23611503012804352,-0.02994708091532345
-1.6087831787591786,-0.26938001723583516,-0.8330700748425856,-0.26286877217620436,0.34082864445892835,0.13409881609250443,0.24505455452691366,-0.11936515322320497,-0.03319120669592047
0.3444201956363251,0.4121428501724897,-1.2906380865257168,-1.1990640201251668,-1.1002134678130617,-0.200565206444586,0.13657125172410922,-0.23611503012804352,-0.02994708091532345
-1.6693077716365283,-0.2715501530155033,-0.8426322544789493,-0.3156634075569534,0.3356430543911013,0.044495485877256144,0.23814397526751732,-0.08507595046421626,-0.029641274016278828
-1.6087831787591786,-0.26938001723583516,-0.8330700748425856,-0.26286877217620436,0.34082864445892835,0.13409881609250443,0.24505455452691366,-0.11936515322320497,-0.03319120669592047
-1.6087831787591786,-0.26938001723583516,-0.8330700748425856,-0.26286877217620436,0.34082864445892835,0.13409881609250443,0.24505455452691366,-0.11936515322320497,-0.03319120669592047
-1.6087831787591786,-0.26938001723583516,-0.8330700748425856,-0.26286877217620436,0.34082864445892835,0.13409881609250443,0.24505455452691366,-0.11936515322320497,-0.03319120669592047
-1.6087831787591786,-0.26938001723583516,-0.8330700748425856,-0.26286877217620436,0.34082864445892835,0.13409881609250443,0.24505455452691366,-0.11936515322320497,-0.03319120669592047
-1.6087831787591786,-0.26938001723583516,-0.8330700748425856,-0.26286877217620436,0.34082864445892835,0.13409881609250443,0.24505455452691366,-0.11936515322320497,-0.03319120669592047
-1.6087831787591786,-0.26938001723583516,-0.8330700748425856,-0.26286877217620436,0.34082864445892835,0.13409881609250443,0.24505455452691366,-0.11936515322320497,-0.03319120669592047
-1.6087831787591786,-0.26938001723583516,-0.8330700748425856,-0.26286877217620436,0.34082864445892835,0.13409881609250443,0.24505455452691366,-0.11936515322320497,-0.03319120669592047
-1.6087831787591786,-0.26938001723583516,-0.8330700748425856,-0.26286877217620436,0.34082864445892835,0.13409881609250443,0.24505455452691366,-0.11936515322320497,-0.03319120669592047
-1.6087831787591786,-0.26938001723583516,-0.8330700748425856,-0.26286877217620436,0.34082864445892835,0.13409881609250443,0.24505455452691366,-0.11936515322320497,-0.03319120669592047
0.8712042001464317,0.979920500524179,1.2940475814813357,0.5568000548782686,-0.09575096667040903,0.14340364652864304,0.2840260105424816,0.16617585639481233,-0.15309553862665284
0.8712042001464317,0.979920500524179,1.2940475814813357,0.5568000548782686,-0.09575096667040903,0.14340364652864304,0.2840260105424816,0.16617585639481233,-0.15309553862665284
-0.7607704712071752,-1.8676143787266726,0.4156727638001784,-0.6375784893057873,1.2021027198732444,0.18527600724476112,0.6512521433345191,-0.45691207359486763,-0.006481417179673655
1.4085202702480817,-0.5478771902914596,0.8066396704765543,0.2685061821726917,0.11896466056610058,-0.4204751549112398,0.4884301141153386,-0.0524737166943242,-0.012548145350881602
0.810679607269082,0.9777503647445108,1.284485401844972,0.5040054194975195,-0.1009365567382361,0.053800316313394735,0.2771154312830854,0.200465059153801,-0.1495456059470112
0.810679607269082,0.9777503647445108,1.284485401844972,0.5040054194975195,-0.1009365567382361,0.053800316313394735,0.2771154312830854,0.200465059153801,-0.1495456059470112
0.810679607269082,0.9777503647445108,1.284485401844972,0.5040054194975195,-0.1009365567382361,0.053800316313394735,0.2771154312830854,0.200465059153801,-0.1495456059470112
0.810679607269082,0.9777503647445108,1.284485401844972,0.5040054194975195,-0.1009365567382361,0.053800316313394735,0.2771154312830854,0.200465059153801,-0.1495456059470112
0.8712042001464317,0.979920500524179,1.2940475814813357,0.5568000548782686,-0.09575096667040903,0.14340364652864304,0.2840260105424816,0.16617585639481233,-0.15309553862665284
0.810679607269082,0.9777503647445108,1.284485401844972,0.5040054194975195,-0.1009365567382361,0.053800316313394735,0.2771154312830854,0.200465059153801,-0.1495456059470112
0.8712042001464317,0.979920500524179,1.2940475814813357,0.5568000548782686,-0.09575096667040903,0.14340364652864304,0.2840260105424816,0.16617585639481233,-0.15309553862665284
0.8712042001464317,0.979920500524179,1.2940475814813357,0.5568000548782686,-0.09575096667040903,0.14340364652864304,0.2840260105424816,0.16617585639481233,-0.15309553862665284
0.8712042001464317,0.979920500524179,1.2940475814813357,0.5568000548782686,-0.09575096667040903,0.14340364652864304,0.2840260105424816,0.16617585639481233,-0.15309553862665284
0.8712042001464317,0.979920500524179,1.2940475814813357,0.5568000548782686,-0.09575096667040903,0.14340364652864304,0.2840260105424816,0.16617585639481233,-0.15309553862665284
0.8712042001464317,0.979920500524179,1.2940475814813357,0.5568000548782686,-0.09575096667040903,0.14340364652864304,0.2840260105424816,0.16617585639481233,-0.15309553862665284
0.8712042001464317,0.979920500524179,1.2940475814813357,0.5568000548782686,-0.09575096667040903,0.14340364652864304,0.2840260105424816,0.16617585639481233,-0.15309553862665284
0.8712042001464317,0.979920500524179,1.2940475814813357,0.5568000548782686,-0.09575096667040903,0.14340364652864304,0.2840260105424816,0.16617585639481233,-0.15309553862665284
0.8712042001464317,0.979920500524179,1.2940475814813357,0.5568000548782686,-0.09575096667040903,0.14340364652864304,0.2840260105424816,0.16617585639481233,-0.15309553862665284
-1.6087831787591786,-0.26938001723583516,-0.8330700748425856,-0.26286877217620436,0.34082864445892835,0.13409881609250443,0.24505455452691366,-0.11936515322320497,-0.03319120669592047
0.31158862154874356,0.4583024624144337,-1.3341756423490496,-1.2707738517635296,-1.018496200773209,-0.30792207603491817,0.15472143771384256,-0.21662245978006517,-0.026986810593576722
-1.6416147528467595,-0.22322040499389104,-0.8766076306659184,-0.33457860381456683,0.42254591149878135,0.026741946502172962,0.26320474051664705,-0.09987258287522684,-0.030230936374173754
-1.7021393457241099,-0.22539054077355916,-0.8861698103022821,-0.3873732391953164,0.4173603214309542,-0.06286138371307616,0.2562941612572507,-0.0655833801162378,-0.026681003694532072
-1.6416147528467595,-0.22322040499389104,-0.8766076306659184,-0.33457860381456683,0.42254591149878135,0.026741946502172962,0.26320474051664705,-0.09987258287522684,-0.030230936374173754
0.31158862154874356,0.4583024624144337,-1.3341756423490496,-1.2707738517635296,-1.018496200773209,-0.30792207603491817,0.15472143771384256,-0.21662245978006517,-0.026986810593576722
-1.7021393457241099,-0.22539054077355916,-0.8861698103022821,-0.3873732391953164,0.4173603214309542,-0.06286138371307616,0.2562941612572507,-0.0655833801162378,-0.026681003694532072
0.31158862154874356,0.4583024624144337,-1.3341756423490496,-1.2707738517635296,-1.018496200773209,-0.30792207603491817,0.15472143771384256,-0.21662245978006517,-0.026986810593576722
-1.7021393457241099,-0.22539054077355916,-0.8861698103022821,-0.3873732391953164,0.4173603214309542,-0.06286138371307616,0.2562941612572507,-0.0655833801162378,-0.026681003694532072
0.31158862154874356,0.4583024624144337,-1.3341756423490496,-1.2707738517635296,-1.018496200773209,-0.30792207603491817,0.15472143771384256,-0.21662245978006517,-0.026986810593576722
-1.7021393457241099,-0.22539054077355916,-0.8861698103022821,-0.3873732391953164,0.4173603214309542,-0.06286138371307616,0.2562941612572507,-0.0655833801162378,-0.026681003694532072
0.31158862154874356,0.4583024624144337,-1.3341756423490496,-1.2707738517635296,-1.018496200773209,-0.30792207603491817,0.15472143771384256,-0.21662245978006517,-0.026986810593576722
-1.7021393457241099,-0.22539054077355916,-0.8861698103022821,-0.3873732391953164,0.4173603214309542,-0.06286138371307616,0.2562941612572507,-0.0655833801162378,-0.026681003694532072
0.31158862154874356,0.4583024624144337,-1.3341756423490496,-1.2707738517635296,-1.018496200773209,-0.30792207603491817,0.15472143771384256,-0.21662245978006517,-0.026986810593576722
-1.7021393457241099,-0.22539054077355916,-0.8861698103022821,-0.3873732391953164,0.4173603214309542,-0.06286138371307616,0.2562941612572507,-0.0655833801162378,-0.026681003694532072
0.31158862154874356,0.4583024624144337,-1.3341756423490496,-1.2707738517635296,-1.018496200773209,-0.30792207603491817,0.15472143771384256,-0.21662245978006517,-0.026986810593576722
-1.7021393457241099,-0.22539054077355916,-0.8861698103022821,-0.3873732391953164,0.4173603214309542,-0.06286138371307616,0.2562941612572507,-0.0655833801162378,-0.026681003694532072
-1.6416147528467595,-0.22322040499389104,-0.8766076306659184,-0.33457860381456683,0.42254591149878135,0.026741946502172962,0.26320474051664705,-0.09987258287522684,-0.030230936374173754
0.25106402867139366,0.45613232663476555,-1.3437378219854135,-1.3235684871442788,-1.023681790841036,-0.3975254062501665,0.1478108584544463,-0.18233325702107644,-0.02343687791393507
-1.7021393457241099,-0.22539054077355916,-0.8861698103022821,-0.3873732391953164,0.4173603214309542,-0.06286138371307616,0.2562941612572507,-0.0655833801162378,-0.026681003694532072
-1.6416147528467595,-0.22322040499389104,-0.8766076306659184,-0.33457860381456683,0.42254591149878135,0.026741946502172962,0.26320474051664705,-0.09987258287522684,-0.030230936374173754
0.25106402867139366,0.45613232663476555,-1.3437378219854135,-1.3235684871442788,-1.023681790841036,-0.3975254062501665,0.1478108584544463,-0.18233325702107644,-0.02343687791393507
-1.7021393457241099,-0.22539054077355916,-0.8861698103022821,-0.3873732391953164,0.4173603214309542,-0.06286138371307616,0.2562941612572507,-0.0655833801162378,-0.026681003694532072
-1.6416147528467595,-0.22322040499389104,-0.8766076306659184,-0.33457860381456683,0.42254591149878135,0.026741946502172962,0.26320474051664705,-0.09987258287522684,-0.030230936374173754
0.25106402867139366,0.45613232663476555,-1.3437378219854135,-1.3235684871442788,-1.023681790841036,-0.3975254062501665,0.1478108584544463,-0.18233325702107644,-0.02343687791393507
-1.7021393457241099,-0.22539054077355916,-0.8861698103022821,-0.3873732391953164,0.4173603214309542,-0.06286138371307616,0.2562941612572507,-0.0655833801162378,-0.026681003694532072
0.25106402867139366,0.45613232663476555,-1.3437378219854135,-1.3235684871442788,-1.023681790841036,-0.3975254062501665,0.1478108584544463,-0.18233325702107644,-0.02343687791393507
-1.7021393457241099,-0.22539054077355916,-0.8861698103022821,-0.3873732391953164,0.4173603214309542,-0.06286138371307616,0.2562941612572507,-0.0655833801162378,-0.026681003694532072
-1.5459917973763286,-0.177342028654032,-1.244300998158429,1.2781670184955585,0.798651759542447,-0.03998403522743649,-0.29037985369525926,0.3549930210584367,0.1699880644339373
-1.6416147528467595,-0.22322040499389104,-0.8766076306659184,-0.33457860381456683,0.42254591149878135,0.026741946502172962,0.26320474051664705,-0.09987258287522684,-0.030230936374173754
-1.5810901599694098,-0.2210502692142229,-0.8670454510295547,-0.28178396843381776,0.42773150156660844,0.11634527671742127,0.27011531977604325,-0.13416178563421544,-0.03378086905381542
-0.14014643519791348,0.2236335370236637,-1.633501397723267,-1.5139373395588978,-0.44375166958364715,0.6564873628591769,-0.048197158159707806,0.13586209638988217,0.16425926789104017
-0.14014643519791348,0.2236335370236637,-1.633501397723267,-1.5139373395588978,-0.44375166958364715,0.6564873628591769,-0.048197158159707806,0.13586209638988217,0.16425926789104017
0.27875704746116253,0.5044620746563778,-1.3777131981723825,-1.3424836834018923,-0.9367789337333561,-0.4152789456252497,0.17287162370357592,-0.19712988943208704,-0.024026540271829995
0.27875704746116253,0.5044620746563778,-1.3777131981723825,-1.3424836834018923,-0.9367789337333561,-0.4152789456252497,0.17287162370357592,-0.19712988943208704,-0.024026540271829995
0.27875704746116253,0.5044620746563778,-1.3777131981723825,-1.3424836834018923,-0.9367789337333561,-0.4152789456252497,0.17287162370357592,-0.19712988943208704,-0.024026540271829995
0.27875704746116253,0.5044620746563778,-1.3777131981723825,-1.3424836834018923,-0.9367789337333561,-0.4152789456252497,0.17287162370357592,-0.19712988943208704,-0.024026540271829995
0.3392816403385124,0.5066322104360459,-1.3681510185360188,-1.2896890480211431,-0.931593343665529,-0.32567561541000134,0.17978220296297218,-0.23141909219107576,-0.02757647295147165
0.3392816403385124,0.5066322104360459,-1.3681510185360188,-1.2896890480211431,-0.931593343665529,-0.32567561541000134,0.17978220296297218,-0.23141909219107576,-0.02757647295147165
0.3392816403385124,0.5066322104360459,-1.3681510185360188,-1.2896890480211431,-0.931593343665529,-0.32567561541000134,0.17978220296297218,-0.23141909219107576,-0.02757647295147165
0.3392816403385124,0.5066322104360459,-1.3681510185360188,-1.2896890480211431,-0.931593343665529,-0.32567561541000134,0.17978220296297218,-0.23141909219107576,-0.02757647295147165
0.3392816403385124,0.5066322104360459,-1.3681510185360188,-1.2896890480211431,-0.931593343665529,-0.32567561541000134,0.17978220296297218,-0.23141909219107576,-0.02757647295147165
0.3392816403385124,0.5066322104360459,-1.3681510185360188,-1.2896890480211431,-0.931593343665529,-0.32567561541000134,0.17978220296297218,-0.23141909219107576,-0.02757647295147165
0.3392816403385124,0.5066322104360459,-1.3681510185360188,-1.2896890480211431,-0.931593343665529,-0.32567561541000134,0.17978220296297218,-0.23141909219107576,-0.02757647295147165
-0.4643816778494565,-0.5367863641359925,-0.6029145120668569,0.9558785501232714,0.6423542047432802,-0.7188998766723556,0.06697946861411065,-0.24868369682858155,0.02605810921412165
-1.2631040083230756,1.7317198724563427,-2.2576760240752285,3.016313321349718,0.024418586832750385,-0.42784635994217224,-0.014751632756623983,0.020513391365687944,-0.18142700601292966
-2.682499942383802,3.125829373724009,1.1198136925045232,-0.5637128275758886,0.3173293449432538,-0.22383344915197995,-0.11455733812076829,0.037910711407164524,0.003793524971155742
-1.2631040083230756,1.7317198724563427,-2.2576760240752285,3.016313321349718,0.024418586832750385,-0.42784635994217224,-0.014751632756623983,0.020513391365687944,-0.18142700601292966
-2.4732331449619833,3.1806695290846254,1.1145248552266454,-0.4242441176912545,0.4197889722544149,0.027223002118682633,-0.06876483509345,-0.07975352928081242,-0.007445935425664259
-2.594282330716683,3.176329257525289,1.0954004959539179,-0.5298333884527529,0.40941779211876084,-0.15198365831181476,-0.08258599361224239,-0.011175123762834737,-0.00034607006638094997
-2.5337577378393337,3.1784993933049575,1.1049626755902815,-0.47703875307200394,0.4146033821865879,-0.062380328096566386,-0.0756754143528462,-0.04546432652182346,-0.003896002746022715
-2.5337577378393337,3.1784993933049575,1.1049626755902815,-0.47703875307200394,0.4146033821865879,-0.062380328096566386,-0.0756754143528462,-0.04546432652182346,-0.003896002746022715
-2.5337577378393337,3.1784993933049575,1.1049626755902815,-0.47703875307200394,0.4146033821865879,-0.062380328096566386,-0.0756754143528462,-0.04546432652182346,-0.003896002746022715
-2.5337577378393337,3.1784993933049575,1.1049626755902815,-0.47703875307200394,0.4146033821865879,-0.062380328096566386,-0.0756754143528462,-0.04546432652182346,-0.003896002746022715
-2.4732331449619833,3.1806695290846254,1.1145248552266454,-0.4242441176912545,0.4197889722544149,0.027223002118682633,-0.06876483509345,-0.07975352928081242,-0.007445935425664259
-2.4732331449619833,3.1806695290846254,1.1145248552266454,-0.4242441176912545,0.4197889722544149,0.027223002118682633,-0.06876483509345,-0.07975352928081242,-0.007445935425664259
-2.4732331449619833,3.1806695290846254,1.1145248552266454,-0.4242441176912545,0.4197889722544149,0.027223002118682633,-0.06876483509345,-0.07975352928081242,-0.007445935425664259
0.47830090095075295,2.0931645944149406,-1.5061574448801696,4.522766282630255,0.13152753266510933,-1.0017316974564168,-0.5308232402802908,0.34419060772155385,0.0051121451129359004
0.47830090095075295,2.0931645944149406,-1.5061574448801696,4.522766282630255,0.13152753266510933,-1.0017316974564168,-0.5308232402802908,0.34419060772155385,0.0051121451129359004
-2.5060647190495646,3.2268291413265695,1.0709872994033123,-0.49595394932961734,0.5015062392942677,-0.08013386747164958,-0.0506146491037165,-0.06026095893283394,-0.0044856651039176425
2.931987969718187,-1.1405391860073286,-1.4591616617698469,-0.11293431084706028,0.41846543347934273,0.31298219261279187,-0.19099782122788206,-0.021858849620275806,-0.07547664004739518
-2.5665893119269145,3.224659005546901,1.0614251197669486,-0.5487485847103662,0.4963206492264408,-0.16973719768689793,-0.0575252283631127,-0.02597175617384527,-0.0009357324242758767
-2.5060647190495646,3.2268291413265695,1.0709872994033123,-0.49595394932961734,0.5015062392942677,-0.08013386747164958,-0.0506146491037165,-0.06026095893283394,-0.0044856651039176425
-2.5665893119269145,3.224659005546901,1.0614251197669486,-0.5487485847103662,0.4963206492264408,-0.16973719768689793,-0.0575252283631127,-0.02597175617384527,-0.0009357324242758767
-2.5665893119269145,3.224659005546901,1.0614251197669486,-0.5487485847103662,0.4963206492264408,-0.16973719768689793,-0.0575252283631127,-0.02597175617384527,-0.0009357324242758767
-2.5665893119269145,3.224659005546901,1.0614251197669486,-0.5487485847103662,0.4963206492264408,-0.16973719768689793,-0.0575252283631127,-0.02597175617384527,-0.0009357324242758767
-2.5665893119269145,3.224659005546901,1.0614251197669486,-0.5487485847103662,0.4963206492264408,-0.16973719768689793,-0.0575252283631127,-0.02597175617384527,-0.0009357324242758767
-2.5665893119269145,3.224659005546901,1.0614251197669486,-0.5487485847103662,0.4963206492264408,-0.16973719768689793,-0.0575252283631127,-0.02597175617384527,-0.0009357324242758767
-2.5665893119269145,3.224659005546901,1.0614251197669486,-0.5487485847103662,0.4963206492264408,-0.16973719768689793,-0.0575252283631127,-0.02597175617384527,-0.0009357324242758767
-2.5665893119269145,3.224659005546901,1.0614251197669486,-0.5487485847103662,0.4963206492264408,-0.16973719768689793,-0.0575252283631127,-0.02597175617384527,-0.0009357324242758767
-2.5060647190495646,3.2268291413265695,1.0709872994033123,-0.49595394932961734,0.5015062392942677,-0.08013386747164958,-0.0506146491037165,-0.06026095893283394,-0.0044856651039176425
-2.5665893119269145,3.224659005546901,1.0614251197669486,-0.5487485847103662,0.4963206492264408,-0.16973719768689793,-0.0575252283631127,-0.02597175617384527,-0.0009357324242758767
-2.5060647190495646,3.2268291413265695,1.0709872994033123,-0.49595394932961734,0.5015062392942677,-0.08013386747164958,-0.0506146491037165,-0.06026095893283394,-0.0044856651039176425
-2.5060647190495646,3.2268291413265695,1.0709872994033123,-0.49595394932961734,0.5015062392942677,-0.08013386747164958,-0.0506146491037165,-0.06026095893283394,-0.0044856651039176425
-2.5665893119269145,3.224659005546901,1.0614251197669486,-0.5487485847103662,0.4963206492264408,-0.16973719768689793,-0.0575252283631127,-0.02597175617384527,-0.0009357324242758767
-2.5060647190495646,3.2268291413265695,1.0709872994033123,-0.49595394932961734,0.5015062392942677,-0.08013386747164958,-0.0506146491037165,-0.06026095893283394,-0.0044856651039176425
-2.5665893119269145,3.224659005546901,1.0614251197669486,-0.5487485847103662,0.4963206492264408,-0.16973719768689793,-0.0575252283631127,-0.02597175617384527,-0.0009357324242758767
-2.5060647190495646,3.2268291413265695,1.0709872994033123,-0.49595394932961734,0.5015062392942677,-0.08013386747164958,-0.0506146491037165,-0.06026095893283394,-0.0044856651039176425
-2.5060647190495646,3.2268291413265695,1.0709872994033123,-0.49595394932961734,0.5015062392942677,-0.08013386747164958,-0.0506146491037165,-0.06026095893283394,-0.0044856651039176425
3.0807301742626554,-1.0878691664263802,-1.4740126786840886,-0.026260236343175557,0.5157394707226767,0.47443531366820507,-0.15211589745995996,-0.10523388754926369,-0.08316616776457347
3.0807301742626554,-1.0878691664263802,-1.4740126786840886,-0.026260236343175557,0.5157394707226767,0.47443531366820507,-0.15211589745995996,-0.10523388754926369,-0.08316616776457347
3.0807301742626554,-1.0878691664263802,-1.4740126786840886,-0.026260236343175557,0.5157394707226767,0.47443531366820507,-0.15211589745995996,-0.10523388754926369,-0.08316616776457347
3.0807301742626554,-1.0878691664263802,-1.4740126786840886,-0.026260236343175557,0.5157394707226767,0.47443531366820507,-0.15211589745995996,-0.10523388754926369,-0.08316616776457347
-0.17137429833477658,-0.24429346942017377,-0.5036778673984917,0.23458023589543928,1.2144890591400377,-0.16970315951616272,0.43769385335998523,-0.1286831306297261,0.0779405423607679
-2.5388962931371455,3.2729887535685136,1.0274497435799794,-0.5676637809679796,0.5832235063341207,-0.1874907370619811,-0.03246446311398322,-0.040768388584855805,-0.0015253947821708034
-2.478371700259796,3.2751588893481816,1.0370119232163433,-0.5148691455872306,0.5884090964019477,-0.09788740684673275,-0.02555388385458702,-0.07505759134384454,-0.005075327461812569
-2.478371700259796,3.2751588893481816,1.0370119232163433,-0.5148691455872306,0.5884090964019477,-0.09788740684673275,-0.02555388385458702,-0.07505759134384454,-0.005075327461812569
-0.9276576013706544,0.2145009391833012,-1.1032539706854647,-0.33746809696489966,1.1740890993119928,-0.12406078405001729,0.12306466593856906,0.33541762366864986,0.10900082619972816
-0.9276576013706544,0.2145009391833012,-1.1032539706854647,-0.33746809696489966,1.1740890993119928,-0.12406078405001729,0.12306466593856906,0.33541762366864986,0.10900082619972816
-0.8671330084933047,0.21667107496296933,-1.0936917910491009,-0.28467346158415047,1.1792746893798198,-0.03445745383476896,0.1299752451979653,0.3011284209096612,0.1054508935200865
-0.8671330084933047,0.21667107496296933,-1.0936917910491009,-0.28467346158415047,1.1792746893798198,-0.03445745383476896,0.1299752451979653,0.3011284209096612,0.1054508935200865
-0.8671330084933047,0.21667107496296933,-1.0936917910491009,-0.28467346158415047,1.1792746893798198,-0.03445745383476896,0.1299752451979653,0.3011284209096612,0.1054508935200865
-0.8671330084933047,0.21667107496296933,-1.0936917910491009,-0.28467346158415047,1.1792746893798198,-0.03445745383476896,0.1299752451979653,0.3011284209096612,0.1054508935200865
3.0478986001750745,-1.0417095541844363,-1.5175502345074214,-0.09797006798153805,0.5974567377625296,0.3670784440778739,-0.13396571147022668,-0.0857413172012855,-0.08020589744282675
3.0478986001750745,-1.0417095541844363,-1.5175502345074214,-0.09797006798153805,0.5974567377625296,0.3670784440778739,-0.13396571147022668,-0.0857413172012855,-0.08020589744282675
3.0478986001750745,-1.0417095541844363,-1.5175502345074214,-0.09797006798153805,0.5974567377625296,0.3670784440778739,-0.13396571147022668,-0.0857413172012855,-0.08020589744282675
3.015067026087493,-0.9955499419424921,-1.561087790330754,-0.16967989961990035,0.6791740048023825,0.25972157448754235,-0.11581552548049322,-0.06624874685330748,-0.07724562712108002
3.136116211842193,-0.9912096703831559,-1.5419634310580268,-0.0640906288584023,0.6895451849380366,0.43892823491803906,-0.10199436696170082,-0.13482715237128484,-0.08434549248036333
3.136116211842193,-0.9912096703831559,-1.5419634310580268,-0.0640906288584023,0.6895451849380366,0.43892823491803906,-0.10199436696170082,-0.13482715237128484,-0.08434549248036333
3.075591618964843,-0.993379806162824,-1.5515256106943904,-0.11688526423915145,0.6843595948702096,0.3493249047027907,-0.10890494622109702,-0.10053794961229615,-0.08079555980072167
3.075591618964843,-0.993379806162824,-1.5515256106943904,-0.11688526423915145,0.6843595948702096,0.3493249047027907,-0.10890494622109702,-0.10053794961229615,-0.08079555980072167
3.136116211842193,-0.9912096703831559,-1.5419634310580268,-0.0640906288584023,0.6895451849380366,0.43892823491803906,-0.10199436696170082,-0.13482715237128484,-0.08434549248036333
3.075591618964843,-0.993379806162824,-1.5515256106943904,-0.11688526423915145,0.6843595948702096,0.3493249047027907,-0.10890494622109702,-0.10053794961229615,-0.08079555980072167
3.075591618964843,-0.993379806162824,-1.5515256106943904,-0.11688526423915145,0.6843595948702096,0.3493249047027907,-0.10890494622109702,-0.10053794961229615,-0.08079555980072167
3.136116211842193,-0.9912096703831559,-1.5419634310580268,-0.0640906288584023,0.6895451849380366,0.43892823491803906,-0.10199436696170082,-0.13482715237128484,-0.08434549248036333
3.015067026087493,-0.9955499419424921,-1.561087790330754,-0.16967989961990035,0.6791740048023825,0.25972157448754235,-0.11581552548049322,-0.06624874685330748,-0.07724562712108002
3.136116211842193,-0.9912096703831559,-1.5419634310580268,-0.0640906288584023,0.6895451849380366,0.43892823491803906,-0.10199436696170082,-0.13482715237128484,-0.08434549248036333
3.015067026087493,-0.9955499419424921,-1.561087790330754,-0.16967989961990035,0.6791740048023825,0.25972157448754235,-0.11581552548049322,-0.06624874685330748,-0.07724562712108002
3.136116211842193,-0.9912096703831559,-1.5419634310580268,-0.0640906288584023,0.6895451849380366,0.43892823491803906,-0.10199436696170082,-0.13482715237128484,-0.08434549248036333
3.015067026087493,-0.9955499419424921,-1.561087790330754,-0.16967989961990035,0.6791740048023825,0.25972157448754235,-0.11581552548049322,-0.06624874685330748,-0.07724562712108002
3.136116211842193,-0.9912096703831559,-1.5419634310580268,-0.0640906288584023,0.6895451849380366,0.43892823491803906,-0.10199436696170082,-0.13482715237128484,-0.08434549248036333
3.136116211842193,-0.9912096703831559,-1.5419634310580268,-0.0640906288584023,0.6895451849380366,0.43892823491803906,-0.10199436696170082,-0.13482715237128484,-0.08434549248036333
3.075591618964843,-0.993379806162824,-1.5515256106943904,-0.11688526423915145,0.6843595948702096,0.3493249047027907,-0.10890494622109702,-0.10053794961229615,-0.08079555980072167
3.103284637754612,-0.9450500581412119,-1.5855009868813597,-0.13580046049676484,0.7712624519778895,0.33157136532770753,-0.08384418097196754,-0.11533458202330674,-0.0813852221586166
3.103284637754612,-0.9450500581412119,-1.5855009868813597,-0.13580046049676484,0.7712624519778895,0.33157136532770753,-0.08384418097196754,-0.11533458202330674,-0.0813852221586166
3.103284637754612,-0.9450500581412119,-1.5855009868813597,-0.13580046049676484,0.7712624519778895,0.33157136532770753,-0.08384418097196754,-0.11533458202330674,-0.0813852221586166
3.103284637754612,-0.9450500581412119,-1.5855009868813597,-0.13580046049676484,0.7712624519778895,0.33157136532770753,-0.08384418097196754,-0.11533458202330674,-0.0813852221586166
3.103284637754612,-0.9450500581412119,-1.5855009868813597,-0.13580046049676484,0.7712624519778895,0.33157136532770753,-0.08384418097196754,-0.11533458202330674,-0.0813852221586166
3.103284637754612,-0.9450500581412119,-1.5855009868813597,-0.13580046049676484,0.7712624519778895,0.33157136532770753,-0.08384418097196754,-0.11533458202330674,-0.0813852221586166
3.163809230631962,-0.9428799223615438,-1.575938807244996,-0.08300582511601572,0.7764480420457167,0.4211746955429559,-0.07693360171257112,-0.14962378478229532,-0.08493515483825831
1.6308481961956054,2.4725942663585716,-1.4819129191468738,1.3544243936216873,-0.15673450540476488,0.12306257340847651,0.21605628377741215,0.5369960139990422,0.3944084391766405
1.6308481961956054,2.4725942663585716,-1.4819129191468738,1.3544243936216873,-0.15673450540476488,0.12306257340847651,0.21605628377741215,0.5369960139990422,0.3944084391766405
3.252161884989034,0.16961544358019248,2.4483266557095282,-0.4961749799575128,1.5719309168408007,-0.5759727042704733,0.24711643707162953,-0.4319036614128961,-0.46791353520457807
3.252161884989034,0.16961544358019248,2.4483266557095282,-0.4961749799575128,1.5719309168408007,-0.5759727042704733,0.24711643707162953,-0.4319036614128961,-0.46791353520457807
2.330150711136712,2.8152072482057315,-0.7761164096063282,0.21007561194438895,-0.2520363167457714,0.06318074236786239,-0.08197237834853935,0.022700657742008537,0.14578752441332815
2.390675304014062,2.8173773839854,-0.7665542299699645,0.2628702473251379,-0.24685072667794442,0.1527840725831108,-0.0750617990891431,-0.011588545016980189,0.14223759173368639
2.390675304014062,2.8173773839854,-0.7665542299699645,0.2628702473251379,-0.24685072667794442,0.1527840725831108,-0.0750617990891431,-0.011588545016980189,0.14223759173368639
2.390675304014062,2.8173773839854,-0.7665542299699645,0.2628702473251379,-0.24685072667794442,0.1527840725831108,-0.0750617990891431,-0.011588545016980189,0.14223759173368639
2.390675304014062,2.8173773839854,-0.7665542299699645,0.2628702473251379,-0.24685072667794442,0.1527840725831108,-0.0750617990891431,-0.011588545016980189,0.14223759173368639
2.390675304014062,2.8173773839854,-0.7665542299699645,0.2628702473251379,-0.24685072667794442,0.1527840725831108,-0.0750617990891431,-0.011588545016980189,0.14223759173368639
2.330150711136712,2.8152072482057315,-0.7761164096063282,0.21007561194438895,-0.2520363167457714,0.06318074236786239,-0.08197237834853935,0.022700657742008537,0.14578752441332815
2.330150711136712,2.8152072482057315,-0.7761164096063282,0.21007561194438895,-0.2520363167457714,0.06318074236786239,-0.08197237834853935,0.022700657742008537,0.14578752441332815
2.330150711136712,2.8152072482057315,-0.7761164096063282,0.21007561194438895,-0.2520363167457714,0.06318074236786239,-0.08197237834853935,0.022700657742008537,0.14578752441332815
2.297319137049131,2.8613668604476756,-0.819653965429661,0.1383657803060265,-0.17031904970591852,-0.044176127222468865,-0.0638221923588059,0.04219322808998667,0.14874779473507477
2.297319137049131,2.8613668604476756,-0.819653965429661,0.1383657803060265,-0.17031904970591852,-0.044176127222468865,-0.0638221923588059,0.04219322808998667,0.14874779473507477
2.297319137049131,2.8613668604476756,-0.819653965429661,0.1383657803060265,-0.17031904970591852,-0.044176127222468865,-0.0638221923588059,0.04219322808998667,0.14874779473507477
2.297319137049131,2.8613668604476756,-0.819653965429661,0.1383657803060265,-0.17031904970591852,-0.044176127222468865,-0.0638221923588059,0.04219322808998667,0.14874779473507477
2.297319137049131,2.8613668604476756,-0.819653965429661,0.1383657803060265,-0.17031904970591852,-0.044176127222468865,-0.0638221923588059,0.04219322808998667,0.14874779473507477
2.297319137049131,2.8613668604476756,-0.819653965429661,0.1383657803060265,-0.17031904970591852,-0.044176127222468865,-0.0638221923588059,0.04219322808998667,0.14874779473507477
2.3250121558389,2.9096966084692877,-0.8536293416166302,0.11945058404841309,-0.08341619259823853,-0.06192966659755198,-0.038761427109676234,0.02739659567897608,0.14815813237717984
2.3855367487162495,2.9118667442489556,-0.8440671619802664,0.17224521942916216,-0.07823060253041149,0.02767366361769615,-0.031850847850280035,-0.006892607080012535,0.1446081996975383
2.4460613415935994,2.914036880028624,-0.8345049823439027,0.22503985480991118,-0.07304501246258445,0.11727699383294451,-0.02494026859088378,-0.04118180983900126,0.14105826701789653
2.4460613415935994,2.914036880028624,-0.8345049823439027,0.22503985480991118,-0.07304501246258445,0.11727699383294451,-0.02494026859088378,-0.04118180983900126,0.14105826701789653
2.4460613415935994,2.914036880028624,-0.8345049823439027,0.22503985480991118,-0.07304501246258445,0.11727699383294451,-0.02494026859088378,-0.04118180983900126,0.14105826701789653
2.4460613415935994,2.914036880028624,-0.8345049823439027,0.22503985480991118,-0.07304501246258445,0.11727699383294451,-0.02494026859088378,-0.04118180983900126,0.14105826701789653
2.3250121558389,2.9096966084692877,-0.8536293416166302,0.11945058404841309,-0.08341619259823853,-0.06192966659755198,-0.038761427109676234,0.02739659567897608,0.14815813237717984
2.3250121558389,2.9096966084692877,-0.8536293416166302,0.11945058404841309,-0.08341619259823853,-0.06192966659755198,-0.038761427109676234,0.02739659567897608,0.14815813237717984
2.3855367487162495,2.9118667442489556,-0.8440671619802664,0.17224521942916216,-0.07823060253041149,0.02767366361769615,-0.031850847850280035,-0.006892607080012535,0.1446081996975383
2.3250121558389,2.9096966084692877,-0.8536293416166302,0.11945058404841309,-0.08341619259823853,-0.06192966659755198,-0.038761427109676234,0.02739659567897608,0.14815813237717984
2.3855367487162495,2.9118667442489556,-0.8440671619802664,0.17224521942916216,-0.07823060253041149,0.02767366361769615,-0.031850847850280035,-0.006892607080012535,0.1446081996975383
2.3855367487162495,2.9118667442489556,-0.8440671619802664,0.17224521942916216,-0.07823060253041149,0.02767366361769615,-0.031850847850280035,-0.006892607080012535,0.1446081996975383
2.3250121558389,2.9096966084692877,-0.8536293416166302,0.11945058404841309,-0.08341619259823853,-0.06192966659755198,-0.038761427109676234,0.02739659567897608,0.14815813237717984
2.3855367487162495,2.9118667442489556,-0.8440671619802664,0.17224521942916216,-0.07823060253041149,0.02767366361769615,-0.031850847850280035,-0.006892607080012535,0.1446081996975383
2.3855367487162495,2.9118667442489556,-0.8440671619802664,0.17224521942916216,-0.07823060253041149,0.02767366361769615,-0.031850847850280035,-0.006892607080012535,0.1446081996975383
2.3855367487162495,2.9118667442489556,-0.8440671619802664,0.17224521942916216,-0.07823060253041149,0.02767366361769615,-0.031850847850280035,-0.006892607080012535,0.1446081996975383
