column,Age,Sleep Duration,Quality of Sleep,Physical Activity Level,Stress Level,Heart Rate,Daily Steps,bp_systolic,bp_diastolic
Age,1.0,0.345,0.474,0.179,-0.422,-0.226,0.058,0.606,0.594
Sleep Duration,0.345,1.0,0.883,0.212,-0.811,-0.516,-0.04,-0.18,-0.167
Quality of Sleep,0.474,0.883,1.0,0.193,-0.899,-0.66,0.017,-0.122,-0.11
Physical Activity Level,0.179,0.212,0.193,1.0,-0.034,0.137,0.773,0.265,0.383
Stress Level,-0.422,-0.811,-0.899,-0.034,1.0,0.67,0.187,0.103,0.092
Heart Rate,-0.226,-0.516,-0.66,0.137,0.67,1.0,-0.03,0.294,0.271
Daily Steps,0.058,-0.04,0.017,0.773,0.187,-0.03,1.0,0.103,0.242
bp_systolic,0.606,-0.18,-0.122,0.265,0.103,0.294,0.103,1.0,0.973
bp_diastolic,0.594,-0.167,-0.11,0.383,0.092,0.271,0.242,0.973,1.0
