column,count,mean,std,min,q1,median,q3,max,skew,kurtosis
Age,374,42.18,8.67,27.0,35.25,43.0,50.0,59.0,0.257,-0.91
Sleep Duration,374,7.13,0.8,5.8,6.4,7.2,7.8,8.5,0.038,-1.287
Quality of Sleep,374,7.31,1.2,4.0,6.0,7.0,8.0,9.0,-0.207,-0.748
Physical Activity Level,374,59.17,20.83,30.0,45.0,60.0,75.0,90.0,0.074,-1.266
Stress Level,374,5.39,1.77,3.0,4.0,5.0,7.0,8.0,0.154,-1.327
Heart Rate,374,70.17,4.14,65.0,68.0,70.0,72.0,86.0,1.225,2.286
Daily Steps,374,6816.84,1617.92,3000.0,5600.0,7000.0,8000.0,10000.0,0.178,-0.394
bp_systolic,374,128.55,7.75,115.0,125.0,130.0,135.0,142.0,-0.036,-0.894
bp_diastolic,374,84.65,6.16,75.0,80.0,85.0,90.0,95.0,0.379,-0.839
