column,min,q1,median,q3,max,mean,iqr,outlier_count_iqr15,has_outliers
Age,27.0,35.25,43.0,50.0,59.0,42.18,14.75,0,False
Sleep Duration,5.8,6.4,7.2,7.8,8.5,7.13,1.4,0,False
Quality of Sleep,4.0,6.0,7.0,8.0,9.0,7.31,2.0,0,False
Physical Activity Level,30.0,45.0,60.0,75.0,90.0,59.17,30.0,0,False
Stress Level,3.0,4.0,5.0,7.0,8.0,5.39,3.0,0,False
Heart Rate,65.0,68.0,70.0,72.0,86.0,70.17,4.0,15,True
Daily Steps,3000.0,5600.0,7000.0,8000.0,10000.0,6816.84,2400.0,0,False
bp_systolic,115.0,125.0,130.0,135.0,142.0,128.55,10.0,0,False
bp_diastolic,75.0,80.0,85.0,90.0,95.0,84.65,10.0,0,False
